layer,head,best_program,best_iou
0,22,prog_L16H14,0.9996847479578164
0,23,prog_L16H14,0.998032568554009
21,4,prog_L16H14,0.9865532941304851
5,7,prog_L16H14,0.9838084716701052
21,3,prog_L16H14,0.9737841892331142
25,5,prog_L16H14,0.9666438026504081
25,3,prog_L16H14,0.9666171671988328
25,4,prog_L16H14,0.9635289872350031
23,19,prog_L16H14,0.9614192705017257
21,7,prog_L16H14,0.9606902332029602
25,1,prog_L16H14,0.9589529052833751
25,9,prog_L16H3,0.9557111972425317
4,16,prog_L16H14,0.9552664642104394
26,5,prog_L3H13,0.9543337448801956
22,18,prog_L16H3,0.9541751921729487
25,14,prog_L16H3,0.9532450724209454
22,7,prog_L16H14,0.9521100608008594
16,2,prog_L16H3,0.9516280573445465
23,12,prog_L16H3,0.951188656244336
22,19,prog_L16H3,0.9508016361287963
25,2,prog_L16H3,0.9507042345343234
16,0,prog_L16H3,0.949156876611101
24,19,prog_L16H3,0.9490307043562918
23,4,prog_L16H3,0.9488000040076989
16,10,prog_L16H3,0.9482773992023666
4,22,prog_L16H3,0.9482437515401618
24,20,prog_L16H3,0.9478821364465901
21,6,prog_L3H13,0.9444139401729289
2,6,prog_L16H3,0.9443016237307449
21,8,prog_L16H3,0.9434940649761702
22,22,prog_L16H3,0.9428280038558561
22,0,prog_L16H3,0.9410106219069004
4,21,prog_L16H14,0.9399637728432741
2,16,prog_L16H14,0.9373852996976405
24,14,prog_L16H3,0.9373159165163694
3,3,prog_L16H3,0.9348123999584271
16,3,prog_L16H14,0.9335840884380696
25,22,prog_L3H13,0.9321637356583925
14,1,prog_L16H14,0.9319179906383438
18,15,prog_L16H3,0.9301843706048141
23,5,prog_L16H3,0.9300681242424266
18,2,prog_L16H3,0.929653824146176
16,12,prog_L16H3,0.9280458234616005
25,11,prog_L3H13,0.9251886316768831
24,18,prog_L19H14,0.9251333958637198
20,1,prog_L16H3,0.9242806842490949
18,13,prog_L16H3,0.922841120966139
16,5,prog_L16H3,0.922784360490743
20,2,prog_L3H13,0.920956822272925
17,21,prog_L16H3,0.9208625125422139
23,18,prog_L16H3,0.9190817692114951
19,15,prog_L16H3,0.9187173606634902
1,10,prog_L19H14,0.9180603315609677
18,14,prog_L16H3,0.915863922114488
19,12,prog_L19H14,0.9151027884815637
15,13,prog_L16H3,0.913911084103092
18,3,prog_L16H3,0.913582814162831
25,12,prog_L19H14,0.9135207854275182
1,18,prog_L23H1,0.9131354333058159
3,1,prog_L16H3,0.9126193140219857
25,13,prog_L16H3,0.9122514261496663
3,5,prog_L19H16,0.9113558875153699
22,8,prog_L16H14,0.9108102421556383
2,15,prog_L16H14,0.910278616519302
22,9,prog_L16H3,0.9092462782714272
22,10,prog_L16H14,0.9067066976558995
5,15,prog_L16H3,0.9064531488478248
1,20,prog_L19H14,0.9054655900981441
14,2,prog_L16H14,0.9053208698225816
18,4,prog_L16H3,0.9051930790837456
3,12,prog_L6H3,0.9037262032966773
2,1,prog_L16H3,0.903215445732443
22,21,prog_L19H14,0.9030111370925749
23,3,prog_L16H3,0.9029758882606139
17,9,prog_L16H14,0.9016935315362513
24,0,prog_L16H3,0.9015558166112889
22,11,prog_L16H3,0.9014010712056346
25,17,prog_L16H3,0.8986673128641739
19,14,prog_L27H16,0.8968618643181437
2,12,prog_L19H14,0.8967179752358198
4,2,prog_L16H3,0.8943702758733516
3,4,prog_L9H15,0.8942608774385439
2,13,prog_L19H14,0.8940132702362692
25,10,prog_L27H16,0.8914638883394689
19,21,prog_L16H3,0.8905217259074498
3,19,prog_L19H14,0.8887813737294227
17,4,prog_L16H3,0.8883429424431327
20,8,prog_L19H14,0.8866595918962817
21,13,prog_L16H3,0.886315849476346
2,11,prog_L3H13,0.8861599510644966
22,6,prog_L16H3,0.8851652841572035
23,13,prog_L19H14,0.884392264282297
19,22,prog_L16H3,0.884093045278652
23,7,prog_L27H16,0.8826321144579643
22,20,prog_L19H14,0.8821013327515044
2,7,prog_L16H3,0.8817954040408988
3,8,prog_L9H15,0.8814714514312524
3,10,prog_L16H3,0.881289776333399
21,5,prog_L16H14,0.8812585133190721
17,18,prog_L16H3,0.880307596361498
22,3,prog_L16H3,0.8793516595186683
21,1,prog_L27H16,0.8770653833521848
2,8,prog_L16H3,0.8766940048743255
22,15,prog_L23H1,0.8751687923667328
22,4,prog_L16H3,0.8751145081290868
1,14,prog_L22H23,0.8750685877350821
17,19,prog_L19H14,0.8744803279518923
25,16,prog_L16H3,0.8743306211837448
2,5,prog_L22H8,0.8739518255764593
22,12,prog_L27H16,0.8723264603237568
22,17,prog_L20H19,0.8718980331926529
20,7,prog_L27H16,0.8714393067338422
26,4,prog_L9H15,0.8698458592815009
1,2,prog_L27H16,0.8696852194050109
2,4,prog_L27H16,0.8682619407495293
22,5,prog_L16H3,0.866573277497798
21,12,prog_L16H3,0.8661731804792366
3,13,prog_L6H3,0.8659060652982291
22,16,prog_L8H2,0.8650377328827215
1,19,prog_L4H2,0.8641476047231559
14,22,prog_L16H14,0.8635385396687415
25,0,prog_L16H3,0.8630420635707965
2,2,prog_L16H3,0.8629250413297662
15,1,prog_L19H14,0.8621623353078832
20,3,prog_L16H3,0.8605830702792931
2,17,prog_L16H14,0.8596741599660028
6,1,prog_L16H3,0.8587069743278637
17,3,prog_L16H3,0.8570566229517335
17,11,prog_L16H3,0.8570222207256659
5,6,prog_L16H14,0.8550327375960846
27,11,prog_L22H11,0.8544486737549752
20,14,prog_L27H16,0.8522728947190534
20,4,prog_L16H3,0.8516000878870387
27,1,prog_L4H2,0.8510330370929915
3,20,prog_L11H18,0.8503718313258998
21,0,prog_L27H16,0.8502115011023897
25,15,prog_L16H3,0.8495749205389221
20,5,prog_L27H16,0.8495715477307327
19,16,prog_L16H3,0.8488608985201763
21,19,prog_L16H3,0.8483299847263067
26,3,prog_L27H16,0.847367222357821
21,17,prog_L16H3,0.8469809675980721
22,2,prog_L16H3,0.8463733068454924
21,15,prog_L16H3,0.8463439553863891
19,23,prog_L16H3,0.8458468451107778
23,1,prog_L27H16,0.8431229420121318
17,16,prog_L27H16,0.8430560172397522
24,23,prog_L9H15,0.841815789326386
2,10,prog_L16H3,0.8417271276921571
1,0,prog_L3H19,0.8409539504680615
6,18,prog_L27H16,0.8399238379350603
0,11,prog_L16H3,0.8395166400617128
1,11,prog_L27H16,0.8389439344750245
24,1,prog_L27H16,0.8386251900642857
10,21,prog_L27H16,0.8381483253856366
1,12,prog_L6H3,0.836913978276279
1,7,prog_L18H14,0.8366031209519078
2,0,prog_L9H15,0.8361039402354999
23,11,prog_L16H3,0.8357786836550792
24,17,prog_L16H3,0.8353058763329892
5,0,prog_L25H5,0.8350848934191836
24,13,prog_L27H16,0.8349613380998419
21,14,prog_L27H16,0.8346421333789615
23,22,prog_L16H3,0.8343481360516868
19,17,prog_L27H16,0.833211496406076
18,12,prog_L16H3,0.8329138506524415
15,12,prog_L16H3,0.8319531465296002
14,13,prog_L6H18,0.8318300991644686
27,14,prog_L27H16,0.8317103976609095
22,23,prog_L3H13,0.8316489300308081
23,21,prog_L27H16,0.8315908598397687
27,3,prog_L27H16,0.8314034149901979
20,10,prog_L16H3,0.8311548296607953
8,2,prog_L16H3,0.8304408430151778
23,9,prog_L16H3,0.8297835231609582
27,8,prog_L4H6,0.829239373756881
2,18,prog_L25H5,0.8287057460305153
9,3,prog_L3H5,0.8286703016766825
13,13,prog_L27H16,0.828490999316393
26,8,prog_L27H16,0.828322784835089
9,5,prog_L18H14,0.8281638455334192
17,23,prog_L9H15,0.8273889891112097
17,1,prog_L27H16,0.8269917317816152
2,23,prog_L9H15,0.8269518578555377
20,11,prog_L27H16,0.8256176949439499
3,14,prog_L8H7,0.8240203030330505
26,6,prog_L27H16,0.8239794582376907
2,20,prog_L16H3,0.8239724750148096
16,23,prog_L25H5,0.8229065162071689
10,22,prog_L6H18,0.8218995064222804
20,9,prog_L27H16,0.8207523392868565
4,11,prog_L6H3,0.8206022133608883
25,18,prog_L6H6,0.8203731757650642
2,21,prog_L25H5,0.8202151007709599
26,21,prog_L16H3,0.8191149040167742
0,2,prog_L19H14,0.8190005651610683
12,19,prog_L27H16,0.8186484871110379
5,16,prog_L25H5,0.8172505869122144
2,9,prog_L16H3,0.8164434776486043
4,9,prog_L4H10,0.815721171380938
21,18,prog_L16H3,0.8146270679936837
3,7,prog_L3H19,0.8145339277710518
21,16,prog_L27H16,0.8141130388550334
4,8,prog_L3H5,0.8140950453069354
0,10,prog_L21H20,0.8134262571463344
26,15,prog_L27H16,0.8130763892643192
24,4,prog_L16H3,0.81218231733998
17,22,prog_L27H16,0.81195116978618
6,6,prog_L3H19,0.8101109668597712
27,12,prog_L16H3,0.8100636548312661
1,15,prog_L21H13,0.8098113916513129
24,7,prog_L23H9,0.8097180778965531
12,20,prog_L27H16,0.809660047721196
1,3,prog_L19H14,0.8095494585818864
24,22,prog_L27H16,0.8095159993977443
27,15,prog_L27H16,0.8081964854652444
3,17,prog_L4H6,0.8068804350135728
26,22,prog_L27H16,0.8052804305440951
8,7,prog_L6H18,0.805101133353845
4,15,prog_L18H14,0.8025946323031131
18,1,prog_L4H6,0.8022547668135942
18,18,prog_L27H16,0.802192926151134
0,9,prog_L16H3,0.8019039674951073
1,5,prog_L19H14,0.7965950875316317
26,9,prog_L27H16,0.7964986774756206
2,22,prog_L25H5,0.7959682300779868
6,19,prog_L24H16,0.7948252650400053
27,10,prog_L4H6,0.7948183409561269
15,6,prog_L27H16,0.7946128214759448
3,6,prog_L3H19,0.7944597243120675
20,18,prog_L27H16,0.7925827414633503
1,16,prog_L22H19,0.7915114045397215
25,20,prog_L4H10,0.7901161989422091
27,13,prog_L27H16,0.7884520334084213
20,17,prog_L9H15,0.7863248134200921
6,2,prog_L3H5,0.7849704334136288
24,3,prog_L27H16,0.7832772367706679
6,21,prog_L27H16,0.7832624137909805
18,22,prog_L27H16,0.7814083251883931
2,3,prog_L6H18,0.7810252595658856
27,7,prog_L0H23,0.7804696984069193
16,22,prog_L27H16,0.7801013775974558
9,19,prog_L27H16,0.7793635872218003
17,20,prog_L27H16,0.7788471987432588
4,1,prog_L25H5,0.7788368866123858
18,5,prog_L19H14,0.7787949656317193
24,2,prog_L27H16,0.778643274952476
2,14,prog_L6H2,0.7781173759780662
4,23,prog_L3H19,0.7780415223681807
1,9,prog_L6H18,0.7780264696291804
1,23,prog_L3H5,0.7768857820260978
21,22,prog_L4H2,0.7763205312921464
27,16,prog_L27H16,0.7761698976254724
14,14,prog_L6H2,0.7748582521939285
25,19,prog_L19H21,0.7745852551991075
23,15,prog_L3H5,0.7728404991434787
24,15,prog_L27H16,0.7723597815582044
20,15,prog_L4H6,0.7720192820838553
18,8,prog_L3H5,0.7719854114944988
2,19,prog_L16H3,0.7701778300579206
6,3,prog_L24H9,0.7693965705715077
5,22,prog_L3H19,0.7684978574349882
21,21,prog_L15H5,0.7671923718151068
18,16,prog_L27H16,0.7668474914858808
20,22,prog_L23H9,0.7666084007303715
26,10,prog_L27H16,0.7664707604349142
3,15,prog_L6H2,0.7663202557437258
17,0,prog_L27H16,0.7660381309911256
5,20,prog_L6H18,0.765224327614352
26,11,prog_L27H16,0.7645436527959054
4,10,prog_L16H10,0.764448589877681
26,17,prog_L4H6,0.7638449032846054
1,17,prog_L6H4,0.7635810358891507
4,14,prog_L20H9,0.7626324768390493
5,10,prog_L16H10,0.7624744290838041
12,3,prog_L27H16,0.7591770939798984
4,4,prog_L3H5,0.7586870926096176
4,0,prog_L6H2,0.7585308065620132
27,6,prog_L26H20,0.7584506447928999
4,7,prog_L24H9,0.7574809414157864
10,15,prog_L23H22,0.7565719008946395
17,10,prog_L6H18,0.7559417368510457
19,4,prog_L26H2,0.7553860607167645
5,9,prog_L16H10,0.7551877447081162
5,1,prog_L3H19,0.7548303706105018
20,0,prog_L4H6,0.7537551339874632
6,8,prog_L3H19,0.7535879508006353
6,12,prog_L3H19,0.753320639132736
16,16,prog_L6H18,0.753226443513831
26,16,prog_L27H16,0.7529957825217757
3,16,prog_L23H22,0.7527360650107203
5,2,prog_L22H8,0.7523554676849262
9,20,prog_L27H16,0.7521548620309372
5,17,prog_L6H18,0.7520562116330605
24,16,prog_L6H18,0.7515001740392308
1,4,prog_L19H14,0.7501115850251868
17,12,prog_L6H18,0.7496187756823162
12,13,prog_L6H2,0.7495019500937882
1,22,prog_L3H19,0.7494211499253998
7,10,prog_L4H6,0.7481482940464996
16,4,prog_L8H7,0.7479574180510552
6,0,prog_L4H6,0.7477380994363346
3,18,prog_L25H5,0.7476084529437111
12,4,prog_L6H18,0.747418015154544
7,4,prog_L20H16,0.7451505033985587
0,12,prog_L2H20,0.7441231565052896
9,4,prog_L23H22,0.7418470040512367
23,16,prog_L19H9,0.741789080652093
5,5,prog_L6H18,0.7401671957152782
6,7,prog_L16H10,0.7400808882463201
24,5,prog_L27H16,0.7400085827381536
13,14,prog_L26H16,0.7399932497263765
22,1,prog_L19H14,0.7396496281223598
27,23,prog_L6H18,0.7387214177793173
4,20,prog_L24H9,0.7386399635787709
3,9,prog_L25H5,0.7376732700160634
20,16,prog_L27H16,0.7374661023297975
0,16,prog_L15H18,0.7373023134741276
8,8,prog_L27H16,0.7359967299823077
27,22,prog_L6H18,0.7354776133659209
8,6,prog_L6H18,0.7354768971554234
15,19,prog_L6H18,0.7353632475101037
19,5,prog_L16H10,0.7353278013191559
4,3,prog_L16H10,0.7349608475351981
23,6,prog_L27H16,0.7347806345570542
26,23,prog_L18H14,0.7344913504847368
6,13,prog_L4H6,0.7343965486379423
19,0,prog_L27H16,0.7342975766093198
21,23,prog_L4H2,0.7338960239343312
1,13,prog_L3H19,0.733800189864339
16,15,prog_L27H16,0.7336584188120083
20,23,prog_L16H10,0.7333366840282785
7,17,prog_L18H14,0.732414300878704
20,6,prog_L24H9,0.7323064226929943
13,20,prog_L24H9,0.7311712291654634
13,19,prog_L23H22,0.7300446012757457
5,19,prog_L23H22,0.7298813061072341
24,21,prog_L6H18,0.7293381240323776
27,2,prog_L1H11,0.7283787720188051
27,17,prog_L6H18,0.7278796932187471
27,20,prog_L26H20,0.7278017152941305
7,15,prog_L4H12,0.7277619540748119
15,7,prog_L6H18,0.7269677165196762
4,17,prog_L25H5,0.7263505527416193
5,11,prog_L3H19,0.7263495168457432
18,23,prog_L4H6,0.7257226136678034
4,12,prog_L22H8,0.7232506810380517
11,5,prog_L23H22,0.7220757385366496
4,13,prog_L3H19,0.7215068666864781
18,9,prog_L6H2,0.7213837445429876
16,14,prog_L6H18,0.7206899335533606
26,18,prog_L22H15,0.7204156005919022
22,13,prog_L4H6,0.7200327238717528
21,10,prog_L4H6,0.7197444201240236
17,14,prog_L6H2,0.7190954475645213
8,17,prog_L21H23,0.7186105096278619
20,20,prog_L4H6,0.7172007614789169
19,20,prog_L4H6,0.7169689803511355
9,13,prog_L25H1,0.7160639933378792
21,2,prog_L4H6,0.715702173169065
6,20,prog_L6H18,0.7152079255376662
23,0,prog_L24H2,0.7140903949257492
11,1,prog_L22H2,0.7135771705691984
27,18,prog_L26H20,0.7123401933975771
17,5,prog_L3H19,0.7102379163459331
0,14,prog_L25H22,0.7102139751240018
19,3,prog_L15H5,0.7101003699296367
10,5,prog_L6H18,0.7100232670722584
5,14,prog_L3H5,0.7090853535442655
26,1,prog_L3H5,0.7090732573452557
12,18,prog_L24H9,0.7076129582140815
15,16,prog_L24H9,0.7073065326699176
6,11,prog_L2H22,0.707105879291711
16,13,prog_L27H16,0.7057580118158406
14,12,prog_L6H18,0.7040636801457366
1,1,prog_L16H10,0.7038911917640078
5,8,prog_L27H16,0.7036127962884778
10,17,prog_L8H19,0.7033960625312485
8,4,prog_L4H6,0.7033804416531951
16,8,prog_L4H12,0.7030842471667242
11,17,prog_L4H6,0.7022770916930271
3,22,prog_L23H22,0.7004741332833871
15,4,prog_L24H9,0.7002225533554886
7,2,prog_L6H18,0.7001050075473972
8,10,prog_L6H18,0.6997893414510149
6,5,prog_L16H10,0.699740223499049
17,7,prog_L4H7,0.6997145274329573
7,19,prog_L6H18,0.6996643775169746
11,14,prog_L16H10,0.6995918150543564
10,16,prog_L25H1,0.6989227722111819
11,15,prog_L8H19,0.6985837835873208
19,2,prog_L3H5,0.6985203632378216
27,19,prog_L4H7,0.6982601182071987
13,21,prog_L23H22,0.6977566366803047
5,18,prog_L6H2,0.6976173972959553
13,12,prog_L3H5,0.6975783929679383
7,1,prog_L15H19,0.6973753587086698
14,21,prog_L6H18,0.6966998350523149
6,10,prog_L23H22,0.6961206868966475
3,11,prog_L18H14,0.6953861980039049
26,0,prog_L3H5,0.6945314335434284
15,20,prog_L6H2,0.6925980500265404
10,23,prog_L6H2,0.6923637728016301
7,3,prog_L23H22,0.692215671803438
13,22,prog_L6H2,0.6917377558492709
1,6,prog_L4H12,0.6914777112700877
17,17,prog_L23H22,0.6912496883148576
18,6,prog_L7H10,0.6911923902939622
4,6,prog_L23H22,0.6910474982143283
20,12,prog_L26H11,0.690722448774351
11,6,prog_L23H22,0.690676612533977
4,18,prog_L16H10,0.6903382258110706
23,10,prog_L27H16,0.6900153315830567
18,17,prog_L24H9,0.6894674823604537
9,8,prog_L17H19,0.688843049083793
21,20,prog_L27H16,0.6881589466428912
11,2,prog_L4H12,0.6878447601709065
3,21,prog_L23H22,0.6868829405634007
9,15,prog_L23H22,0.6862707780502587
7,23,prog_L23H22,0.685224744346266
27,4,prog_L26H20,0.6846020664974031
16,11,prog_L24H9,0.6845709248517022
15,22,prog_L4H6,0.6843017033584369
7,5,prog_L6H2,0.6825898393419713
6,23,prog_L16H10,0.6807870752536384
19,10,prog_L4H6,0.6807776639052067
3,0,prog_L6H2,0.6805500767888996
9,22,prog_L23H22,0.6803525087119928
17,8,prog_L21H19,0.6796926768495283
7,0,prog_L21H19,0.6793361377862768
7,12,prog_L23H22,0.679242401586878
24,8,prog_L21H19,0.6786671381094675
8,20,prog_L23H22,0.6774180201463675
15,0,prog_L6H18,0.6770805333717816
0,3,prog_L6H21,0.6759556631886133
14,16,prog_L23H22,0.6759004367645829
4,5,prog_L24H9,0.6758815048066037
9,21,prog_L8H19,0.6751568942092622
13,6,prog_L10H12,0.6748921259266083
19,8,prog_L6H18,0.6748227583612955
5,23,prog_L4H6,0.6746705208431891
18,0,prog_L22H13,0.6738426630051566
0,4,prog_L6H21,0.6715817328018782
12,21,prog_L27H9,0.671143316754048
9,9,prog_L23H22,0.6699599650150856
9,11,prog_L20H16,0.669608593038106
4,19,prog_L4H6,0.6690240170929397
5,21,prog_L4H12,0.6687673691159943
16,17,prog_L6H18,0.6671527385239069
7,14,prog_L4H12,0.6664248982235994
7,18,prog_L6H18,0.6662906486623303
11,20,prog_L4H12,0.6658467014579909
6,16,prog_L4H12,0.6654517810092632
25,6,prog_L24H9,0.665391344238392
15,14,prog_L4H6,0.6648438197622885
8,5,prog_L4H12,0.663923949473086
10,9,prog_L22H2,0.6638694829471808
23,2,prog_L26H20,0.6635817822701187
11,9,prog_L4H12,0.6628809371269125
9,18,prog_L23H22,0.6628124749525642
14,8,prog_L3H3,0.6620753646714445
15,11,prog_L3H3,0.6600175888912689
23,17,prog_L3H5,0.6597783849769707
8,3,prog_L21H19,0.6597267506652891
17,13,prog_L23H22,0.6597205924434252
27,0,prog_L21H23,0.6591016164224155
8,1,prog_L23H22,0.6590914142115987
10,3,prog_L18H14,0.6588236813445114
11,7,prog_L4H12,0.6574270196996947
7,13,prog_L24H9,0.6569662571793163
15,17,prog_L6H2,0.6553970207763545
7,16,prog_L13H14,0.6553310432400046
19,18,prog_L6H18,0.6553235609660746
24,9,prog_L27H16,0.6551697989853797
8,12,prog_L8H19,0.6549003976388791
3,2,prog_L4H6,0.6543531189538013
7,22,prog_L23H22,0.6543022033855768
13,3,prog_L23H22,0.6533780276846121
10,4,prog_L27H16,0.6529639819753073
12,15,prog_L6H18,0.6521811739451268
6,14,prog_L2H22,0.6517236233062005
6,22,prog_L27H16,0.6517103576932904
1,8,prog_L3H19,0.6507177384555327
27,9,prog_L3H3,0.6502012727510054
10,11,prog_L18H14,0.649951856925873
11,3,prog_L23H22,0.6491721177512259
9,17,prog_L23H22,0.6490371198273989
18,11,prog_L6H18,0.6484675451660459
24,11,prog_L27H16,0.6472401772910377
15,8,prog_L15H19,0.6471497516924237
13,16,prog_L6H2,0.6454609799001682
15,5,prog_L24H9,0.6448235594605428
16,1,prog_L24H9,0.6447820908945344
17,2,prog_L6H2,0.6442324299186183
19,7,prog_L23H20,0.6438111253821271
20,19,prog_L24H9,0.6427758849469025
25,7,prog_L11H15,0.6426700688021113
18,20,prog_L23H22,0.6414021488070443
24,6,prog_L4H7,0.6412581732155137
13,10,prog_L17H18,0.6411651443312518
5,13,prog_L23H22,0.6400079763277445
16,21,prog_L4H12,0.6394331842597146
7,21,prog_L4H12,0.63939772751803
21,9,prog_L4H6,0.6392401200814952
11,21,prog_L4H12,0.6383016025278299
11,10,prog_L8H19,0.6381290382799103
0,13,prog_L6H19,0.638069246249807
10,2,prog_L22H2,0.6377584867682015
14,18,prog_L5H13,0.637646760772656
9,10,prog_L6H2,0.6365839655293701
23,8,prog_L4H12,0.6365241939558867
19,6,prog_L21H6,0.6357961300678591
7,9,prog_L4H12,0.6355952187517355
20,13,prog_L4H6,0.6348779935469677
11,8,prog_L4H12,0.6342121189906909
8,11,prog_L4H12,0.634092928224045
9,23,prog_L6H2,0.6339565680438898
12,22,prog_L4H12,0.6332114122436743
15,9,prog_L3H3,0.6327321760582798
13,23,prog_L6H2,0.6320721485431242
23,20,prog_L24H9,0.6316364227625265
18,21,prog_L16H10,0.630550913996496
20,21,prog_L19H9,0.6298995857061014
8,23,prog_L23H22,0.6296482857541207
19,11,prog_L24H9,0.6295525517246184
8,14,prog_L23H22,0.629209690419572
21,11,prog_L19H9,0.6290897221326738
0,1,prog_L20H17,0.6287161087619417
9,16,prog_L23H22,0.6283164667191208
8,9,prog_L21H19,0.6278966722353488
9,12,prog_L23H22,0.6276542709418781
11,4,prog_L4H12,0.627637448418251
11,22,prog_L21H19,0.6275098775176033
15,18,prog_L6H18,0.6272219861449686
6,17,prog_L23H22,0.6269829615307431
23,23,prog_L24H9,0.626946871317506
13,7,prog_L3H3,0.6259031854362882
12,0,prog_L22H2,0.6254674899401367
11,0,prog_L4H12,0.6247595858727538
7,7,prog_L23H22,0.6227939333339518
8,15,prog_L26H21,0.6226797260368353
12,14,prog_L22H2,0.6201261589177149
1,21,prog_L22H2,0.6199726313132924
3,23,prog_L23H22,0.6183660135298795
14,23,prog_L21H19,0.6180108062733333
26,19,prog_L8H19,0.617489946533386
13,18,prog_L4H12,0.6140404894271372
6,15,prog_L4H12,0.6137446456007023
16,9,prog_L27H4,0.6133197759177388
5,4,prog_L20H16,0.6129560245710588
0,6,prog_L23H22,0.6129090795282804
14,20,prog_L4H12,0.6125531787446501
8,16,prog_L4H12,0.6118399012112344
26,7,prog_L24H9,0.6101684797929501
6,9,prog_L4H12,0.6092008277312793
8,13,prog_L23H22,0.6090201227798995
25,8,prog_L6H16,0.608452548927489
26,2,prog_L4H12,0.6083102678459744
18,7,prog_L24H9,0.6078136325221318
14,6,prog_L3H3,0.6075142236837741
26,20,prog_L3H22,0.6062265623753567
24,10,prog_L12H3,0.6059728272119186
14,10,prog_L23H22,0.6058398271514304
10,7,prog_L4H12,0.6049651016025013
14,15,prog_L4H12,0.6045108169498634
13,5,prog_L4H12,0.6042054745930834
0,8,prog_L6H16,0.6030440159464817
7,20,prog_L23H22,0.6024297426416361
14,4,prog_L12H13,0.6023262594521843
8,0,prog_L6H18,0.6022570798360521
18,10,prog_L6H18,0.6002978060779193
10,6,prog_L23H22,0.6001484824494862
15,23,prog_L4H12,0.5999717352521735
19,13,prog_L21H19,0.5996101950114435
6,4,prog_L22H2,0.5989448513398513
10,14,prog_L3H3,0.5986667505066907
19,1,prog_L21H19,0.5986548314121755
7,6,prog_L4H12,0.5980375192304215
25,23,prog_L24H9,0.5967150105957202
11,11,prog_L0H19,0.5963554918412094
13,0,prog_L4H12,0.5942710254499043
14,9,prog_L24H9,0.5936208144982444
13,11,prog_L4H12,0.593357480803863
19,19,prog_L4H12,0.5931600100357187
27,21,prog_L3H3,0.5930680721631396
16,20,prog_L4H12,0.5925638542487732
11,23,prog_L4H12,0.592062538737836
12,16,prog_L23H22,0.591202655883831
9,6,prog_L22H22,0.5901799255820532
12,8,prog_L22H2,0.587852472371076
11,16,prog_L4H12,0.5873439727526826
12,17,prog_L4H12,0.5866711901380193
11,13,prog_L12H4,0.5865591567796344
16,18,prog_L4H12,0.5862548515788902
12,5,prog_L4H12,0.583457872516332
0,20,prog_L27H4,0.5830495437664772
25,21,prog_L23H8,0.5826041562482883
8,19,prog_L23H22,0.5821043360383905
18,19,prog_L6H18,0.5817995430938319
13,4,prog_L4H12,0.5813687553077198
19,9,prog_L24H9,0.5813375763058054
17,6,prog_L24H10,0.580178424620697
15,3,prog_L21H19,0.5800600157544844
12,6,prog_L4H12,0.5796388938359237
7,8,prog_L4H12,0.5776149237389703
11,18,prog_L4H12,0.5765446656240129
10,8,prog_L4H12,0.5764593106990956
14,3,prog_L3H3,0.5761986384323733
11,19,prog_L4H12,0.576179772033111
8,18,prog_L23H22,0.5759096186750731
5,3,prog_L6H2,0.5748396766385775
13,2,prog_L23H22,0.5748130430268896
26,14,prog_L3H3,0.5735533899109091
12,10,prog_L4H12,0.5724870890410594
9,0,prog_L6H19,0.5716937954298359
12,11,prog_L4H12,0.5672093719410225
13,8,prog_L3H3,0.5661509463496257
17,15,prog_L23H22,0.5660663990800157
16,19,prog_L22H1,0.5659209772694537
23,14,prog_L27H4,0.565210308549205
14,7,prog_L17H18,0.5630502339319308
8,21,prog_L23H22,0.5626026196608391
15,2,prog_L3H3,0.561142452716131
22,14,prog_L8H19,0.5610802998111752
13,17,prog_L22H2,0.5602780968095604
10,18,prog_L0H19,0.5590634841938469
16,6,prog_L23H22,0.5579720152625063
12,12,prog_L17H18,0.5566453019367061
16,7,prog_L23H22,0.5563093351072007
12,9,prog_L23H22,0.5558732844967167
24,12,prog_L8H19,0.5549619130551553
26,12,prog_L8H1,0.5536581720103879
10,12,prog_L18H15,0.553337764265744
15,15,prog_L3H3,0.5518307227102671
13,15,prog_L4H12,0.5517622982708787
11,12,prog_L4H12,0.5509400534684253
12,2,prog_L6H19,0.5500418639769119
10,1,prog_L25H12,0.5429471320771381
15,10,prog_L8H1,0.5424701421890119
12,1,prog_L22H2,0.5413102826904937
10,20,prog_L6H19,0.5380830027952026
7,11,prog_L23H22,0.5366545546350662
10,0,prog_L4H12,0.5356420377821454
27,5,prog_L17H18,0.5299727939214287
10,19,prog_L6H19,0.529341829015668
12,23,prog_L24H12,0.5289435040917991
9,7,prog_L3H3,0.5286472055046473
9,1,prog_L23H22,0.5285495463130061
5,12,prog_L17H18,0.5260427891949783
10,10,prog_L21H3,0.5248364220436272
0,7,prog_L15H7,0.5248086147169488
0,18,prog_L27H4,0.52307621002812
0,5,prog_L0H14,0.5228960949495618
14,11,prog_L23H22,0.5216489378925621
15,21,prog_L23H22,0.5182435156968347
14,17,prog_L4H12,0.515008167993814
0,21,prog_L14H1,0.5104970061697649
26,13,prog_L0H19,0.5081610034841201
13,1,prog_L4H12,0.5049965122159208
14,0,prog_L21H19,0.503581829357416
14,19,prog_L6H19,0.5029744800131029
10,13,prog_L12H14,0.49426342668832846
9,14,prog_L6H19,0.4919444584028893
14,5,prog_L9H13,0.49093696784763696
13,9,prog_L21H3,0.4834580679838834
0,17,prog_L5H5,0.4698671617790536
12,7,prog_L0H19,0.4578293267162295
0,15,prog_L2H10,0.45615475219333274
9,2,prog_L1H21,0.45119829846655785
8,22,prog_L21H3,0.4421962952163387
0,0,prog_L12H17,0.42748515508017065
0,19,prog_L17H18,0.4195989156797753
