model,condition,replacement_pct,seed,n,acc_baseline,acc_condition,delta_pp,discordant,cond_better,cond_worse,mcnemar_p
gpt2,zero,5,0,1100,0.4445454545454545,0.4390909090909091,-0.5454545454545434,146,70,76,0.6791635203785477
gpt2,zero,10,0,1100,0.4445454545454545,0.45,0.545454545454549,120,63,57,0.6482600518210054
gpt2,zero,15,0,1100,0.4445454545454545,0.4490909090909091,0.4545454545454575,69,37,32,0.6304564917867981
gpt2,zero,20,0,1100,0.4445454545454545,0.44181818181818183,-0.27272727272726893,87,42,45,0.8303730096857546
gpt2,zero,25,0,1100,0.4445454545454545,0.44363636363636366,-0.09090909090908594,99,49,50,1.0
gpt2,zero,30,0,1100,0.4445454545454545,0.44,-0.4545454545454519,105,50,55,0.6964676629916763
gpt2,zero,40,0,1100,0.4445454545454545,0.42272727272727273,-2.181818181818179,196,86,110,0.10016673529821776
gpt2,zero,50,0,1100,0.4445454545454545,0.42,-2.4545454545454537,177,75,102,0.05036053951761203
gpt2,zero,75,0,1100,0.4445454545454545,0.38181818181818183,-6.272727272727269,215,73,142,2.9277101604597936e-06
gpt2,zero,100,0,1100,0.4445454545454545,0.3336363636363636,-11.09090909090909,304,91,213,1.990779372826508e-12
llama3b,zero,5,0,1100,0.6345454545454545,0.63,-0.4545454545454519,51,23,28,0.5758493477318467
llama3b,zero,10,0,1100,0.6345454545454545,0.6345454545454545,0.0,64,32,32,1.0
llama3b,zero,15,0,1100,0.6345454545454545,0.6281818181818182,-0.6363636363636349,77,35,42,0.49438227369550003
llama3b,zero,20,0,1100,0.6345454545454545,0.6063636363636363,-2.8181818181818197,117,43,74,0.005319279348701683
llama3b,zero,25,0,1100,0.6345454545454545,0.5872727272727273,-4.727272727272725,142,45,97,1.5219409544281671e-05
llama3b,zero,30,0,1100,0.6345454545454545,0.5627272727272727,-7.181818181818178,175,48,127,1.98980592048402e-09
llama3b,zero,40,0,1100,0.6345454545454545,0.5081818181818182,-12.636363636363635,275,68,207,1.7122874465793026e-17
llama3b,zero,50,0,1100,0.6345454545454545,0.47454545454545455,-15.999999999999998,316,70,246,4.221535738571747e-24
llama3b,zero,75,0,1100,0.6345454545454545,0.36,-27.454545454545453,466,82,384,9.164104754932995e-48
llama3b,zero,100,0,1100,0.6345454545454545,0.3609090909090909,-27.363636363636363,477,88,389,3.4769236564102868e-46
tinyllama,zero,5,0,1100,0.53,0.5363636363636364,0.6363636363636349,37,22,15,0.3240086000878364
tinyllama,zero,10,0,1100,0.53,0.5318181818181819,0.181818181818183,54,28,26,0.8919231511047488
tinyllama,zero,15,0,1100,0.53,0.5236363636363637,-0.6363636363636349,83,38,45,0.5104099416812344
tinyllama,zero,20,0,1100,0.53,0.5218181818181818,-0.8181818181818179,83,37,46,0.37999939641191804
tinyllama,zero,25,0,1100,0.53,0.509090909090909,-2.090909090909099,121,49,72,0.045051739725735895
tinyllama,zero,30,0,1100,0.53,0.5009090909090909,-2.9090909090909167,150,59,91,0.011121593847224862
tinyllama,zero,40,0,1100,0.53,0.4727272727272727,-5.727272727272731,199,68,131,9.422495164347981e-06
tinyllama,zero,50,0,1100,0.53,0.45181818181818184,-7.818181818181818,220,67,153,6.4807589059516e-09
tinyllama,zero,75,0,1100,0.53,0.4354545454545454,-9.45454545454546,286,91,195,7.376909316845525e-10
tinyllama,zero,100,0,1100,0.53,0.33545454545454545,-19.454545454545457,466,126,340,9.056694444407658e-24
