HellaSwag,PIQA,SciQ,ARC-Easy,Social IQA,COPA,model,condition,replacement_pct,seed,n,secs
0.31,0.635,0.475,0.345,0.405,0.55,gpt2,baseline,0,0,200.0,101.5
0.315,0.63,0.47,0.35,0.41,0.55,gpt2,chosen,5,0,,
0.32,0.62,0.46,0.35,0.41,0.55,gpt2,chosen,10,0,,
0.32,0.63,0.45,0.355,0.405,0.54,gpt2,chosen,15,0,,
0.315,0.62,0.435,0.355,0.39,0.55,gpt2,chosen,20,0,,
0.31,0.615,0.44,0.35,0.4,0.54,gpt2,chosen,25,0,,
0.305,0.625,0.43,0.345,0.405,0.54,gpt2,chosen,30,0,,
0.28,0.615,0.43,0.34,0.41,0.54,gpt2,chosen,40,0,,
0.29,0.595,0.415,0.33,0.415,0.54,gpt2,chosen,50,0,,
0.26,0.585,0.395,0.315,0.415,0.51,gpt2,chosen,75,0,,
0.265,0.585,0.375,0.27,0.39,0.52,gpt2,chosen,100,0,,
0.33,0.635,0.45,0.35,0.395,0.57,gpt2,wrong_category,5,1,,
0.33,0.64,0.43,0.33,0.405,0.63,gpt2,wrong_category,5,2,,
0.335,0.63,0.425,0.345,0.39,0.58,gpt2,wrong_category,5,3,,
0.355,0.62,0.45,0.285,0.375,0.55,gpt2,wrong_category,10,1,,
0.32,0.585,0.46,0.28,0.405,0.57,gpt2,wrong_category,10,2,,
0.335,0.6,0.44,0.3,0.395,0.53,gpt2,wrong_category,10,3,,
0.28,0.55,0.43,0.32,0.345,0.52,gpt2,wrong_category,15,1,,
0.29,0.53,0.385,0.29,0.37,0.5,gpt2,wrong_category,15,2,,
0.295,0.565,0.41,0.31,0.36,0.48,gpt2,wrong_category,15,3,,
0.255,0.55,0.38,0.325,0.375,0.48,gpt2,wrong_category,20,1,,
0.265,0.535,0.41,0.285,0.385,0.53,gpt2,wrong_category,20,2,,
0.255,0.535,0.415,0.29,0.365,0.56,gpt2,wrong_category,20,3,,
0.29,0.555,0.375,0.335,0.36,0.48,gpt2,wrong_category,25,1,,
0.275,0.58,0.405,0.275,0.38,0.61,gpt2,wrong_category,25,2,,
0.24,0.555,0.375,0.32,0.37,0.49,gpt2,wrong_category,25,3,,
0.2,0.57,0.405,0.325,0.405,0.53,gpt2,wrong_category,30,1,,
0.255,0.545,0.405,0.29,0.39,0.54,gpt2,wrong_category,30,2,,
0.265,0.535,0.375,0.28,0.355,0.56,gpt2,wrong_category,30,3,,
0.2,0.55,0.345,0.345,0.35,0.56,gpt2,wrong_category,40,1,,
0.275,0.495,0.385,0.315,0.365,0.49,gpt2,wrong_category,40,2,,
0.21,0.575,0.385,0.34,0.33,0.54,gpt2,wrong_category,40,3,,
0.225,0.495,0.35,0.33,0.36,0.56,gpt2,wrong_category,50,1,,
0.225,0.525,0.385,0.32,0.375,0.59,gpt2,wrong_category,50,2,,
0.245,0.505,0.355,0.315,0.35,0.53,gpt2,wrong_category,50,3,,
0.215,0.505,0.315,0.305,0.36,0.58,gpt2,wrong_category,75,1,,
0.245,0.495,0.33,0.28,0.365,0.57,gpt2,wrong_category,75,2,,
0.245,0.525,0.355,0.27,0.405,0.54,gpt2,wrong_category,75,3,,
0.245,0.475,0.345,0.325,0.355,0.54,gpt2,wrong_category,100,1,,
0.235,0.505,0.3,0.31,0.39,0.5,gpt2,wrong_category,100,2,,
0.265,0.57,0.39,0.31,0.33,0.51,gpt2,wrong_category,100,3,,
0.34,0.62,0.43,0.36,0.385,0.56,gpt2,zero,5,0,200.0,100.0
0.33,0.63,0.47,0.365,0.395,0.57,gpt2,zero,10,0,200.0,100.4
0.305,0.655,0.47,0.36,0.405,0.55,gpt2,zero,15,0,200.0,100.7
0.305,0.65,0.445,0.355,0.41,0.53,gpt2,zero,20,0,200.0,100.8
0.29,0.635,0.445,0.375,0.425,0.54,gpt2,zero,25,0,200.0,100.9
0.285,0.635,0.45,0.37,0.405,0.55,gpt2,zero,30,0,200.0,100.4
0.26,0.6,0.395,0.335,0.42,0.63,gpt2,zero,40,0,200.0,100.3
0.29,0.59,0.42,0.335,0.41,0.53,gpt2,zero,50,0,200.0,100.2
0.255,0.565,0.355,0.3,0.37,0.51,gpt2,zero,75,0,200.0,99.0
0.25,0.465,0.295,0.22,0.36,0.49,gpt2,zero,100,0,200.0,99.2
0.565,0.785,0.72,0.58,0.475,0.73,llama3b,baseline,0,0,200.0,286.6
0.575,0.79,0.695,0.575,0.48,0.74,llama3b,chosen,5,0,,
0.575,0.785,0.7,0.575,0.5,0.73,llama3b,chosen,10,0,,
0.56,0.785,0.695,0.59,0.47,0.75,llama3b,chosen,15,0,,
0.56,0.78,0.68,0.57,0.47,0.76,llama3b,chosen,20,0,,
0.56,0.785,0.685,0.57,0.455,0.76,llama3b,chosen,25,0,,
0.545,0.77,0.63,0.54,0.47,0.75,llama3b,chosen,30,0,,
0.525,0.75,0.655,0.54,0.47,0.78,llama3b,chosen,40,0,,
0.475,0.73,0.585,0.55,0.45,0.73,llama3b,chosen,50,0,,
0.375,0.72,0.54,0.455,0.41,0.63,llama3b,chosen,75,0,,
0.245,0.59,0.375,0.31,0.38,0.55,llama3b,chosen,100,0,,
0.295,0.55,0.455,0.36,0.38,0.53,llama3b,wrong_category,5,1,,
0.38,0.66,0.49,0.395,0.44,0.59,llama3b,wrong_category,5,2,,
0.4,0.655,0.525,0.42,0.415,0.56,llama3b,wrong_category,5,3,,
0.295,0.515,0.41,0.275,0.36,0.53,llama3b,wrong_category,10,1,,
0.33,0.555,0.48,0.345,0.415,0.47,llama3b,wrong_category,10,2,,
0.31,0.55,0.47,0.31,0.37,0.55,llama3b,wrong_category,10,3,,
0.295,0.53,0.37,0.29,0.39,0.5,llama3b,wrong_category,15,1,,
0.29,0.485,0.39,0.245,0.425,0.47,llama3b,wrong_category,15,2,,
0.28,0.485,0.44,0.25,0.385,0.51,llama3b,wrong_category,15,3,,
0.22,0.47,0.375,0.235,0.385,0.53,llama3b,wrong_category,20,1,,
0.285,0.54,0.39,0.25,0.435,0.49,llama3b,wrong_category,20,2,,
0.255,0.465,0.37,0.26,0.365,0.53,llama3b,wrong_category,20,3,,
0.3,0.47,0.32,0.28,0.36,0.48,llama3b,wrong_category,25,1,,
0.25,0.52,0.33,0.235,0.385,0.51,llama3b,wrong_category,25,2,,
0.28,0.46,0.32,0.255,0.36,0.58,llama3b,wrong_category,25,3,,
0.295,0.51,0.34,0.26,0.4,0.49,llama3b,wrong_category,30,1,,
0.225,0.56,0.35,0.265,0.36,0.51,llama3b,wrong_category,30,2,,
0.195,0.48,0.33,0.25,0.385,0.52,llama3b,wrong_category,30,3,,
0.23,0.45,0.315,0.235,0.365,0.57,llama3b,wrong_category,40,1,,
0.24,0.51,0.305,0.27,0.405,0.47,llama3b,wrong_category,40,2,,
0.25,0.515,0.305,0.26,0.35,0.52,llama3b,wrong_category,40,3,,
0.295,0.48,0.325,0.235,0.38,0.54,llama3b,wrong_category,50,1,,
0.225,0.52,0.295,0.245,0.285,0.46,llama3b,wrong_category,50,2,,
0.26,0.475,0.285,0.235,0.33,0.56,llama3b,wrong_category,50,3,,
0.255,0.5,0.28,0.285,0.375,0.53,llama3b,wrong_category,75,1,,
0.22,0.47,0.295,0.255,0.325,0.52,llama3b,wrong_category,75,2,,
0.29,0.465,0.325,0.28,0.42,0.46,llama3b,wrong_category,75,3,,
0.245,0.51,0.265,0.195,0.395,0.54,llama3b,wrong_category,100,1,,
0.25,0.465,0.295,0.285,0.3,0.57,llama3b,wrong_category,100,2,,
0.23,0.47,0.255,0.255,0.395,0.53,llama3b,wrong_category,100,3,,
0.565,0.77,0.685,0.6,0.47,0.75,llama3b,zero,5,0,200.0,481.8
0.55,0.79,0.695,0.61,0.47,0.75,llama3b,zero,10,0,200.0,280.2
0.58,0.795,0.665,0.595,0.45,0.74,llama3b,zero,15,0,200.0,274.9
0.555,0.77,0.62,0.57,0.445,0.75,llama3b,zero,20,0,200.0,273.5
0.51,0.745,0.595,0.545,0.47,0.73,llama3b,zero,25,0,200.0,275.8
0.45,0.725,0.585,0.525,0.455,0.71,llama3b,zero,30,0,200.0,276.4
0.365,0.645,0.525,0.48,0.445,0.67,llama3b,zero,40,0,200.0,276.0
0.32,0.63,0.475,0.485,0.38,0.64,llama3b,zero,50,0,200.0,276.3
0.22,0.525,0.335,0.285,0.36,0.51,llama3b,zero,75,0,200.0,279.6
0.27,0.545,0.245,0.32,0.36,0.49,llama3b,zero,100,0,200.0,282.4
0.475,0.7,0.525,0.53,0.385,0.6,tinyllama,baseline,0,0,200.0,130.7
0.49,0.715,0.51,0.515,0.395,0.62,tinyllama,chosen,5,0,,
0.485,0.705,0.5,0.485,0.39,0.62,tinyllama,chosen,10,0,,
0.5,0.7,0.5,0.495,0.39,0.63,tinyllama,chosen,15,0,,
0.475,0.715,0.515,0.485,0.4,0.64,tinyllama,chosen,20,0,,
0.47,0.705,0.5,0.49,0.38,0.59,tinyllama,chosen,25,0,,
0.465,0.695,0.515,0.485,0.39,0.59,tinyllama,chosen,30,0,,
0.45,0.7,0.5,0.47,0.36,0.61,tinyllama,chosen,40,0,,
0.425,0.66,0.48,0.43,0.355,0.64,tinyllama,chosen,50,0,,
0.36,0.62,0.41,0.365,0.37,0.5,tinyllama,chosen,75,0,,
0.26,0.505,0.275,0.305,0.34,0.48,tinyllama,chosen,100,0,,
0.255,0.555,0.265,0.245,0.39,0.47,tinyllama,wrong_category,5,1,,
0.27,0.48,0.27,0.315,0.385,0.43,tinyllama,wrong_category,5,2,,
0.29,0.49,0.265,0.245,0.4,0.41,tinyllama,wrong_category,5,3,,
0.265,0.49,0.225,0.27,0.365,0.53,tinyllama,wrong_category,10,1,,
0.285,0.515,0.27,0.25,0.345,0.55,tinyllama,wrong_category,10,2,,
0.245,0.49,0.275,0.23,0.345,0.51,tinyllama,wrong_category,10,3,,
0.275,0.505,0.24,0.28,0.34,0.56,tinyllama,wrong_category,15,1,,
0.27,0.505,0.275,0.23,0.3,0.47,tinyllama,wrong_category,15,2,,
0.255,0.45,0.24,0.23,0.37,0.49,tinyllama,wrong_category,15,3,,
0.275,0.515,0.205,0.275,0.355,0.57,tinyllama,wrong_category,20,1,,
0.295,0.465,0.32,0.22,0.355,0.48,tinyllama,wrong_category,20,2,,
0.29,0.465,0.24,0.24,0.37,0.55,tinyllama,wrong_category,20,3,,
0.285,0.465,0.21,0.31,0.385,0.56,tinyllama,wrong_category,25,1,,
0.31,0.51,0.27,0.195,0.34,0.54,tinyllama,wrong_category,25,2,,
0.265,0.465,0.285,0.26,0.36,0.56,tinyllama,wrong_category,25,3,,
0.245,0.58,0.2,0.28,0.365,0.49,tinyllama,wrong_category,30,1,,
0.245,0.515,0.305,0.3,0.325,0.52,tinyllama,wrong_category,30,2,,
0.23,0.485,0.3,0.255,0.325,0.59,tinyllama,wrong_category,30,3,,
0.275,0.515,0.285,0.27,0.37,0.52,tinyllama,wrong_category,40,1,,
0.235,0.515,0.27,0.285,0.315,0.5,tinyllama,wrong_category,40,2,,
0.255,0.505,0.265,0.28,0.325,0.43,tinyllama,wrong_category,40,3,,
0.265,0.525,0.25,0.25,0.375,0.47,tinyllama,wrong_category,50,1,,
0.235,0.52,0.25,0.31,0.3,0.53,tinyllama,wrong_category,50,2,,
0.245,0.51,0.225,0.27,0.28,0.41,tinyllama,wrong_category,50,3,,
0.295,0.51,0.29,0.26,0.415,0.44,tinyllama,wrong_category,75,1,,
0.245,0.58,0.29,0.28,0.335,0.56,tinyllama,wrong_category,75,2,,
0.255,0.54,0.24,0.235,0.35,0.46,tinyllama,wrong_category,75,3,,
0.28,0.535,0.24,0.285,0.385,0.46,tinyllama,wrong_category,100,1,,
0.3,0.455,0.23,0.23,0.33,0.48,tinyllama,wrong_category,100,2,,
0.205,0.515,0.26,0.295,0.38,0.51,tinyllama,wrong_category,100,3,,
0.485,0.71,0.535,0.525,0.39,0.61,tinyllama,zero,5,0,200.0,129.8
0.485,0.71,0.51,0.51,0.4,0.62,tinyllama,zero,10,0,200.0,129.7
0.475,0.72,0.485,0.495,0.405,0.6,tinyllama,zero,15,0,200.0,130.1
0.455,0.7,0.475,0.52,0.405,0.63,tinyllama,zero,20,0,200.0,130.5
0.46,0.68,0.48,0.51,0.385,0.57,tinyllama,zero,25,0,200.0,130.9
0.415,0.675,0.495,0.495,0.375,0.6,tinyllama,zero,30,0,200.0,131.4
0.41,0.625,0.45,0.47,0.36,0.57,tinyllama,zero,40,0,200.0,132.3
0.375,0.61,0.44,0.415,0.35,0.59,tinyllama,zero,50,0,200.0,133.0
0.375,0.585,0.415,0.385,0.35,0.57,tinyllama,zero,75,0,200.0,135.1
0.29,0.48,0.23,0.265,0.34,0.48,tinyllama,zero,100,0,200.0,137.8
