k,increase
1,226.10601056059804
2,228.04701255484233
3,228.79870971196527
4,284.6688813880493
5,287.1016484083627
6,286.8346946906316
7,289.0045700631812
8,289.1524653606941
9,289.5463119397195
10,292.5116727505078
11,294.5133700217835
12,295.2023153336426
13,283.37561865195255
14,282.7773996404502
15,281.3702196012695
16,277.80204414396235
17,279.2548745920964
18,291.69058636892004
19,291.7115197375391
20,291.8503723299958
21,296.06861674594313
22,291.45802132624806
23,298.0051970874242
24,298.0192942189723
25,300.0518521797829
26,311.17687526970013
27,312.6193128580013
28,312.14851598139865
29,309.24903417737977
30,306.56951565028606
31,309.80418453380474
32,309.3512141746072
33,306.9011512735727
34,308.83487567209045
35,309.9169182680956
36,336.59678801213255
37,338.56611755973466
38,340.0538563453546
39,349.36348896252423
40,345.8550985524847
41,345.88005074373325
42,343.9327096915489
43,344.1964950395892
44,350.85159956813266
45,366.0227254985358
46,362.563965226474
47,362.19458649970255
48,371.9278528861288
49,381.7521252755936
50,394.493536515084
51,394.231016962984
52,395.82581473889644
53,397.36876207015655
54,399.72700280468496
55,394.02073264321297
56,397.7935620690033
57,404.4537116334979
58,408.35343897255984
59,413.71895661664473
60,405.1053744269432
61,411.1988283688464
62,388.31657431359974
63,391.0836809813013
64,397.2443331419055
65,395.93810968136734
66,405.1274054150217
67,411.41994483586484
68,420.9848728846652
69,421.92662146792657
70,428.38465824356825
71,502.96915241582553
72,509.10732848846146
73,515.2971462649452
74,512.9277525923459
75,511.55474549638427
76,514.0656278036098
77,513.2570307792142
78,510.4658619739965
79,523.6125004085403
80,459.8455599740322
81,428.15002122483764
82,462.6891396602558
83,480.86537004875856
84,476.6331148784037
85,483.7543628084105
86,480.9808020900371
87,487.3906826910567
88,486.8354007270277
89,487.5872614684963
90,456.7849386855828
91,454.72822792954304
92,460.4076471419163
93,459.6037041832359
94,460.656489287741
95,461.4353112527286
96,524.7649372997165
97,556.8354410357837
98,515.2348938289308
99,523.4388852605496
100,524.5368264428341
101,526.8958285986613
102,524.841784010781
103,698.7459647869831
104,736.7262495396076
105,750.4490158407582
106,693.4607473874169
107,685.5115019670119
108,696.3736151137078
109,692.8354609291894
110,700.8982973402691
111,722.9306019106875
112,722.5457605592067
113,724.1322721458356
114,781.0380752145041
115,915.1986212788859
116,920.6020672931807
117,904.7857715609392
118,857.1441607071295
119,850.4214381642001
120,895.1021304821588
121,943.6246073311347
122,943.1718718449129
123,1054.4476149744664
124,1059.1103695159363
125,1070.6896132134211
126,934.8537718053591
127,1014.1094022857396
128,1047.3961716502547
129,1108.7167842118126
130,1323.2801180002868
131,1467.4082957334776
132,1517.3769210817081
133,1534.2353816610405
134,1555.216671851695
135,1760.7289159574339
136,1786.443292204363
137,1890.530609698381
138,1886.077915825582
139,1858.3173764104915
140,1876.289207730601
141,1871.703513338873
142,1922.2285406076294
143,1975.068241466318
144,1999.2067206626882
145,1994.700736112213
146,1977.9300936400773
147,2025.0015745840167
148,2229.8654507458787
149,1755.96101541819
150,1913.480144615622
151,1475.8145938214543
152,1731.969671094826
153,1633.436767076461
154,1628.1726094287683
155,1586.5651472475677
156,1658.5268283710047
157,1108.3181417684323
158,1268.0644141874022
159,1322.8300037652411
160,1348.7457848569927
161,1402.5682404002232
162,1413.8522615027075
163,1408.1908584779158
164,1432.7945561840809
165,1456.3269551850783
166,1484.4071834535293
167,1603.2958673847668
168,1592.0109005382717
169,1606.7397058854726
170,1608.8660868349825
171,1618.6082446521727
172,1621.7460857857127
173,1633.955065026286
174,1855.320657879381
175,1869.650687614859
176,1860.185696658845
177,1764.1447361920043
178,1979.3461716216414
179,2085.577638134186
180,1998.7011430890295
181,1780.4929932624843
182,1760.388469869893
183,1850.596315129546
184,2110.3168581270847
185,2152.6919367796436
186,2841.020850164875
187,2831.712430267801
188,2188.0205212864475
189,2178.715475532247
190,2140.292698398688
191,2169.138820417745
192,2376.574653880782
193,7305.43929579597
194,8096.2463632136305
195,7979.472055316655
196,9905.254145141389
197,10117.063859982187
