layer,head,program_idx,best_program,best_iou,intended_program,intended_iou
0,0,1070,prog_L7H21,0.5058533828772891,prog_L0H0,0.20023042082218048
0,1,1,prog_L0H1,0.6798910836162093,prog_L0H1,0.6798910836162093
0,2,902,prog_L35H14,0.6118465321303714,prog_L0H2,0.5217260228599285
0,3,221,prog_L15H7,0.4547037387332018,prog_L0H3,0.310071503925012
0,4,977,prog_L4H24,0.4909887199582025,prog_L0H4,0.1692662926488179
0,5,863,prog_L33H9,0.5124850427165069,prog_L0H5,0.4399854592668164
0,6,977,prog_L4H24,0.45024142567843406,prog_L0H6,0.20254479592043062
0,7,977,prog_L4H24,0.43565725772031016,prog_L0H7,0.2515619851488865
0,8,984,prog_L4H30,0.44532357024561847,prog_L0H8,0.3244459932472475
0,9,1039,prog_L6H22,0.5986826332514088,prog_L0H9,0.40702741806866505
0,10,977,prog_L4H24,0.40484505330632853,prog_L0H10,0.17142426968763028
0,11,1070,prog_L7H21,0.4231893425323925,prog_L0H11,0.19550304404413393
0,12,938,prog_L3H18,0.34231774717849395,prog_L0H12,0.30526806795385353
0,13,869,prog_L34H13,0.4616392754168913,prog_L0H13,0.2531274384184527
0,14,364,prog_L1H2,0.461912522360938,prog_L0H14,0.216757923411678
0,15,10,prog_L0H18,0.6191837196262882,prog_L0H15,0.5878739128535952
0,16,977,prog_L4H24,0.39428429478667226,prog_L0H16,0.11449498916144693
0,17,977,prog_L4H24,0.384850827638362,prog_L0H17,0.19191172016501457
0,18,994,prog_L5H10,0.5571498103066479,prog_L0H18,0.530618900144199
0,19,977,prog_L4H24,0.4051577234930693,prog_L0H19,0.19061732860807667
0,20,977,prog_L4H24,0.3987532263052558,prog_L0H20,0.3909609990566433
0,21,984,prog_L4H30,0.36653730073481106,prog_L0H21,0.34420018450238815
0,22,10,prog_L0H18,0.6930349893307401,prog_L0H22,0.5464398939742685
0,23,977,prog_L4H24,0.4216935412488822,prog_L0H23,0.26455322797178504
0,24,1047,prog_L6H3,0.4107769312914804,prog_L0H24,0.27087151951747124
0,25,979,prog_L4H26,0.3317607378714954,prog_L0H25,0.26827976785848623
0,26,994,prog_L5H10,0.6263691266975289,prog_L0H26,0.4508577060746868
0,27,221,prog_L15H7,0.5106103959224711,prog_L0H27,0.319752341503507
0,28,994,prog_L5H10,0.6039851796052746,prog_L0H28,0.44984201098123555
0,29,821,prog_L32H28,0.5462018912519563,prog_L0H29,0.29629727261023864
0,30,977,prog_L4H24,0.41437781198042767,prog_L0H30,0.22168558160481117
0,31,977,prog_L4H24,0.4248710273844401,prog_L0H31,0.19028471086955373
1,0,713,prog_L2H17,0.35513895257079703,prog_L1H0,0.18570125732059878
1,1,977,prog_L4H24,0.3127629527345027,prog_L1H1,0.25767908985306975
1,2,713,prog_L2H17,0.335839758819007,prog_L1H2,0.2995908238212013
1,3,947,prog_L3H26,0.36157493622085546,prog_L1H3,0.1782599127970716
1,4,1,prog_L0H1,0.654143912853616,prog_L1H4,0.23483003385476628
1,5,977,prog_L4H24,0.4289965449886888,prog_L1H5,0.22256576956700413
1,6,713,prog_L2H17,0.39497534429737047,prog_L1H6,0.25466726875911183
1,7,13,prog_L0H20,0.439673729826521,prog_L1H7,0.23183824563275884
1,8,221,prog_L15H7,0.4110268115267821,prog_L1H8,0.3347525054248439
1,9,977,prog_L4H24,0.41418019987213883,prog_L1H9,0.19290058622211476
1,10,364,prog_L1H2,0.5158620745887843,prog_L1H10,0.27620367540294016
1,11,221,prog_L15H7,0.5397280677765417,prog_L1H11,0.20836734925626538
1,12,373,prog_L1H28,0.3772545832237505,prog_L1H12,0.2811073607557542
1,13,964,prog_L4H12,0.29758235218741136,prog_L1H13,0.17776545635159063
1,14,373,prog_L1H28,0.33565002334238375,prog_L1H14,0.22903223971127487
1,15,706,prog_L2H10,0.34096804208756726,prog_L1H15,0.2667743126981572
1,16,727,prog_L2H3,0.40691858535394376,prog_L1H16,0.1738464922447704
1,17,821,prog_L32H28,0.5789266457634159,prog_L1H17,0.33855074654267514
1,18,373,prog_L1H28,0.38129892104883834,prog_L1H18,0.2483291148321531
1,19,869,prog_L34H13,0.4257038212693792,prog_L1H19,0.3160233148319234
1,20,364,prog_L1H2,0.4790214732670064,prog_L1H20,0.24920088147491057
1,21,742,prog_L30H14,0.47010666816657354,prog_L1H21,0.2730079064466946
1,22,364,prog_L1H2,0.4644603944278604,prog_L1H22,0.16423987138358387
1,23,821,prog_L32H28,0.39904274582590094,prog_L1H23,0.2353502181367278
1,24,964,prog_L4H12,0.5144671861437853,prog_L1H24,0.22031186411745432
1,25,1070,prog_L7H21,0.5386923519875595,prog_L1H25,0.2299686074986289
1,26,947,prog_L3H26,0.3802347064664733,prog_L1H26,0.2979425113411698
1,27,821,prog_L32H28,0.4451205816870806,prog_L1H27,0.25585096979440275
1,28,964,prog_L4H12,0.34817301073958706,prog_L1H28,0.32794750082322893
1,29,984,prog_L4H30,0.4431886327660446,prog_L1H29,0.3123246833970852
1,30,18,prog_L0H25,0.36607752981124797,prog_L1H30,0.2635300811284619
1,31,1009,prog_L5H24,0.41864135618322224,prog_L1H31,0.27041726004261957
2,0,964,prog_L4H12,0.48867882276330193,prog_L2H0,0.26011655228357355
2,1,964,prog_L4H12,0.40611859899791414,prog_L2H1,0.3096930343617575
2,2,964,prog_L4H12,0.42201230813376334,prog_L2H2,0.2318797420061189
2,3,964,prog_L4H12,0.4727854417836822,prog_L2H3,0.4429133568919083
2,4,964,prog_L4H12,0.48556977884906893,prog_L2H4,0.22523552298120258
2,5,964,prog_L4H12,0.468461956468627,prog_L2H5,0.21558046344264886
2,6,1070,prog_L7H21,0.43785327697246124,prog_L2H6,0.33202203695153065
2,7,1070,prog_L7H21,0.38628826277827866,prog_L2H7,0.3409010246231076
2,8,1108,prog_L8H27,0.466371906657559,prog_L2H8,0.4570895017163015
2,9,221,prog_L15H7,0.4494357821878061,prog_L2H9,0.2940591994553309
2,10,373,prog_L1H28,0.3833503239318502,prog_L2H10,0.29240106142736066
2,11,742,prog_L30H14,0.5045655469831443,prog_L2H11,0.422920722171342
2,12,742,prog_L30H14,0.46583704382671054,prog_L2H12,0.29612720181693897
2,13,1070,prog_L7H21,0.47464843822179437,prog_L2H13,0.147299765776414
2,14,1070,prog_L7H21,0.4903838599496071,prog_L2H14,0.3392405980548223
2,15,964,prog_L4H12,0.5203884015591429,prog_L2H15,0.35176878936016637
2,16,742,prog_L30H14,0.5100177419800331,prog_L2H16,0.32377957909260496
2,17,221,prog_L15H7,0.45562168248210766,prog_L2H17,0.34359076595623816
2,18,964,prog_L4H12,0.46292982957137907,prog_L2H18,0.3261705391846401
2,19,364,prog_L1H2,0.4239895398246901,prog_L2H19,0.22058096866372756
2,20,964,prog_L4H12,0.34393687054675653,prog_L2H20,0.2159784222502596
2,21,964,prog_L4H12,0.41527806463144495,prog_L2H21,0.3464933410260903
2,22,1000,prog_L5H16,0.33005346850499984,prog_L2H22,0.23090096629129145
2,23,964,prog_L4H12,0.34912722544956976,prog_L2H23,0.22066788133599355
2,24,947,prog_L3H26,0.4355173362975011,prog_L2H24,0.15579295847265134
2,25,453,prog_L22H13,0.3756074538142795,prog_L2H25,0.19347392695863155
2,26,977,prog_L4H24,0.42753483719597807,prog_L2H26,0.17379749315410623
2,27,977,prog_L4H24,0.42958423697291326,prog_L2H27,0.29060170490501797
2,28,934,prog_L3H14,0.48702521816913275,prog_L2H28,0.3615450371785226
2,29,726,prog_L2H29,0.4579730243420387,prog_L2H29,0.4579730243420387
2,30,964,prog_L4H12,0.5106818739498769,prog_L2H30,0.36285121036245555
2,31,964,prog_L4H12,0.4523587932274112,prog_L2H31,0.152514030243687
3,0,934,prog_L3H14,0.5162747527146584,prog_L3H0,0.35909726769669026
3,1,234,prog_L16H18,0.595206081961424,prog_L3H1,0.0992482164308314
3,2,1070,prog_L7H21,0.47972500558421005,prog_L3H2,0.24309875455556892
3,3,1,prog_L0H1,0.5064028081015898,prog_L3H3,0.31664598442650305
3,4,726,prog_L2H29,0.41893369675237013,prog_L3H4,0.3415683445490304
3,5,726,prog_L2H29,0.4176367007002734,prog_L3H5,0.2627859371441907
3,6,726,prog_L2H29,0.42098378509956813,prog_L3H6,0.2966848449863527
3,7,964,prog_L4H12,0.43186014178714305,prog_L3H7,0.31845956189317404
3,8,742,prog_L30H14,0.5476188397246308,prog_L3H8,0.4024578107371011
3,9,727,prog_L2H3,0.5406408157660139,prog_L3H9,0.30697327196158813
3,10,964,prog_L4H12,0.5060171301310815,prog_L3H10,0.26303477147881194
3,11,1070,prog_L7H21,0.5984460780338619,prog_L3H11,0.40841475948178013
3,12,934,prog_L3H14,0.3593467721461481,prog_L3H12,0.2861223844039257
3,13,964,prog_L4H12,0.398704887134848,prog_L3H13,0.22462734786224786
3,14,964,prog_L4H12,0.39311428360706346,prog_L3H14,0.37229042565577974
3,15,964,prog_L4H12,0.40488464232800625,prog_L3H15,0.19075823316086515
3,16,964,prog_L4H12,0.4486632717957545,prog_L3H16,0.2749136788178621
3,17,964,prog_L4H12,0.4342221889484559,prog_L3H17,0.2602372874927619
3,18,364,prog_L1H2,0.4531609329697195,prog_L3H18,0.34000599032176737
3,19,964,prog_L4H12,0.4428448521492363,prog_L3H19,0.3530184961578213
3,20,964,prog_L4H12,0.42065675052736184,prog_L3H20,0.27385703763825753
3,21,1070,prog_L7H21,0.5177679811857813,prog_L3H21,0.3224570162353677
3,22,221,prog_L15H7,0.4633517256070725,prog_L3H22,0.16163220728322653
3,23,964,prog_L4H12,0.46398525049102235,prog_L3H23,0.23150483847670222
3,24,934,prog_L3H14,0.362191026294393,prog_L3H24,0.22502096145847492
3,25,718,prog_L2H21,0.3502744443792217,prog_L3H25,0.2585746498124688
3,26,934,prog_L3H14,0.39595664127575414,prog_L3H26,0.3003897352139537
3,27,964,prog_L4H12,0.311541354459819,prog_L3H27,0.2122890323677117
3,28,934,prog_L3H14,0.4349279727700617,prog_L3H28,0.3089013912321717
3,29,934,prog_L3H14,0.4016210598173183,prog_L3H29,0.24192418875886332
3,30,934,prog_L3H14,0.3813789612002245,prog_L3H30,0.3210262450775937
3,31,934,prog_L3H14,0.3699936807235515,prog_L3H31,0.27993915030239014
4,0,221,prog_L15H7,0.41591215395028325,prog_L4H0,0.2210619137078077
4,1,964,prog_L4H12,0.4875374303884911,prog_L4H1,0.21902260271298546
4,2,964,prog_L4H12,0.4351657926918543,prog_L4H2,0.28717587347175255
4,3,964,prog_L4H12,0.4208604725868657,prog_L4H3,0.2577875561435685
4,4,934,prog_L3H14,0.44319602491928756,prog_L4H4,0.32774356992389725
4,5,964,prog_L4H12,0.4384735610642527,prog_L4H5,0.31519091467123983
4,6,934,prog_L3H14,0.39920169705915887,prog_L4H6,0.30871681001931306
4,7,726,prog_L2H29,0.40380861949960556,prog_L4H7,0.21050339496273823
4,8,934,prog_L3H14,0.4169611483622637,prog_L4H8,0.27938689671354666
4,9,934,prog_L3H14,0.3882204441628742,prog_L4H9,0.26288737644276583
4,10,934,prog_L3H14,0.4162949734314167,prog_L4H10,0.28690529185291985
4,11,373,prog_L1H28,0.45526869634609096,prog_L4H11,0.36716866884004296
4,12,934,prog_L3H14,0.427062939748029,prog_L4H12,0.41241419919346745
4,13,934,prog_L3H14,0.3859482335060065,prog_L4H13,0.33594716493320137
4,14,934,prog_L3H14,0.4047474050204948,prog_L4H14,0.23369528920082117
4,15,934,prog_L3H14,0.44345792119809546,prog_L4H15,0.287775089847474
4,16,934,prog_L3H14,0.38866117360437197,prog_L4H16,0.22776694310733486
4,17,934,prog_L3H14,0.3759584537497562,prog_L4H17,0.32719216988698085
4,18,934,prog_L3H14,0.3794014917061431,prog_L4H18,0.22293229208996523
4,19,934,prog_L3H14,0.391008443077305,prog_L4H19,0.2517519360304734
4,20,934,prog_L3H14,0.4809121122736029,prog_L4H20,0.32001957641001216
4,21,964,prog_L4H12,0.4951691052796211,prog_L4H21,0.346841225438015
4,22,869,prog_L34H13,0.5774915820340537,prog_L4H22,0.16815420533110398
4,23,742,prog_L30H14,0.48071943146459994,prog_L4H23,0.34265736936148966
4,24,1070,prog_L7H21,0.36412654207775164,prog_L4H24,0.29761772101780065
4,25,742,prog_L30H14,0.47789279451222244,prog_L4H25,0.35862383227812694
4,26,934,prog_L3H14,0.4116055054487169,prog_L4H26,0.1831994430341223
4,27,1094,prog_L8H14,0.3728782961970435,prog_L4H27,0.2596303088198476
4,28,1070,prog_L7H21,0.5045667866804137,prog_L4H28,0.2607083549560961
4,29,221,prog_L15H7,0.49918085539236295,prog_L4H29,0.2789863359144156
4,30,964,prog_L4H12,0.48633956915271387,prog_L4H30,0.3117432081014332
4,31,742,prog_L30H14,0.4935900882703519,prog_L4H31,0.20888383598709348
5,0,364,prog_L1H2,0.4953641756149596,prog_L5H0,0.30417642691110947
5,1,35,prog_L10H11,0.5185500694842154,prog_L5H1,0.35343455651233013
5,2,1070,prog_L7H21,0.5194291508591456,prog_L5H2,0.3390216223098687
5,3,1047,prog_L6H3,0.46565340410112344,prog_L5H3,0.2510760826877362
5,4,964,prog_L4H12,0.47930637365467044,prog_L5H4,0.29942976338836014
5,5,934,prog_L3H14,0.48422637859650575,prog_L5H5,0.3925970025735311
5,6,964,prog_L4H12,0.48021844743838427,prog_L5H6,0.3288908029547151
5,7,934,prog_L3H14,0.5138305953409433,prog_L5H7,0.452476070004975
5,8,977,prog_L4H24,0.614514701999014,prog_L5H8,0.2736442700319216
5,9,742,prog_L30H14,0.5389548819521436,prog_L5H9,0.16122481208272071
5,10,742,prog_L30H14,0.49658302421609846,prog_L5H10,0.08468603793772708
5,11,742,prog_L30H14,0.4911888937826419,prog_L5H11,0.29388982239809686
5,12,964,prog_L4H12,0.37274658523813453,prog_L5H12,0.20440700410147417
5,13,934,prog_L3H14,0.5186490595626234,prog_L5H13,0.2858227536259313
5,14,1070,prog_L7H21,0.4716943322396384,prog_L5H14,0.26849078734972487
5,15,1070,prog_L7H21,0.357644619890151,prog_L5H15,0.26038858843473284
5,16,1,prog_L0H1,0.43811826136008436,prog_L5H16,0.3096641657736551
5,17,1070,prog_L7H21,0.4206305622484477,prog_L5H17,0.19625851490917356
5,18,359,prog_L1H15,0.3689012234790615,prog_L5H18,0.23335395323926605
5,19,1044,prog_L6H27,0.426693274868592,prog_L5H19,0.34246241262972443
5,20,953,prog_L3H31,0.3536927065437243,prog_L5H20,0.23332778495299855
5,21,934,prog_L3H14,0.34589341996831047,prog_L5H21,0.2549592026859192
5,22,718,prog_L2H21,0.4092413405083869,prog_L5H22,0.33284377066056203
5,23,964,prog_L4H12,0.3442843769866184,prog_L5H23,0.20867531852955368
5,24,934,prog_L3H14,0.3736800495911886,prog_L5H24,0.23838690179854244
5,25,934,prog_L3H14,0.3617015490668438,prog_L5H25,0.2369339901253605
5,26,964,prog_L4H12,0.3624869026452305,prog_L5H26,0.19907847554776364
5,27,964,prog_L4H12,0.37205156417981017,prog_L5H27,0.22944188345327474
5,28,38,prog_L10H14,0.4349841266042972,prog_L5H28,0.24114279126920932
5,29,1150,prog_L9H8,0.3940081667996049,prog_L5H29,0.25531700878335944
5,30,1150,prog_L9H8,0.31908485294795574,prog_L5H30,0.21575958172474352
5,31,742,prog_L30H14,0.38660260997840007,prog_L5H31,0.2040051718221782
6,0,869,prog_L34H13,0.4396035730674839,prog_L6H0,0.26892112946640034
6,1,977,prog_L4H24,0.45397976258439604,prog_L6H1,0.29413934769557326
6,2,1047,prog_L6H3,0.367491695471897,prog_L6H2,0.23592277857959187
6,3,1047,prog_L6H3,0.43507967800780745,prog_L6H3,0.43507967800780745
6,4,364,prog_L1H2,0.45175510297037946,prog_L6H4,0.2371979037007334
6,5,846,prog_L33H21,0.5066012202988237,prog_L6H5,0.4205733739255499
6,6,221,prog_L15H7,0.4763790198290193,prog_L6H6,0.3033412972980227
6,7,221,prog_L15H7,0.5002517532988187,prog_L6H7,0.23686192034978615
6,8,221,prog_L15H7,0.5455445746178513,prog_L6H8,0.2976434956812799
6,9,846,prog_L33H21,0.4903796122738378,prog_L6H9,0.4645072343701214
6,10,821,prog_L32H28,0.5123869855476932,prog_L6H10,0.34821407162423157
6,11,364,prog_L1H2,0.4524640651204821,prog_L6H11,0.23349792917390233
6,12,373,prog_L1H28,0.361110578762339,prog_L6H12,0.25206240553405607
6,13,964,prog_L4H12,0.3925581461241243,prog_L6H13,0.21484020381400998
6,14,964,prog_L4H12,0.39024771689589166,prog_L6H14,0.2599128777062047
6,15,846,prog_L33H21,0.4774767939848329,prog_L6H15,0.32360915718580063
6,16,934,prog_L3H14,0.40342546010996794,prog_L6H16,0.14518570455513496
6,17,1070,prog_L7H21,0.4554825650475315,prog_L6H17,0.18980308181837915
6,18,846,prog_L33H21,0.5275098642557396,prog_L6H18,0.4824883621680297
6,19,1070,prog_L7H21,0.4389331924090278,prog_L6H19,0.2411449143227546
6,20,1047,prog_L6H3,0.4649521874950404,prog_L6H20,0.3966320989301461
6,21,947,prog_L3H26,0.43931259213358104,prog_L6H21,0.2751600486573079
6,22,1047,prog_L6H3,0.4705546248433091,prog_L6H22,0.12432120909016373
6,23,713,prog_L2H17,0.5407741061507809,prog_L6H23,0.4230513698630458
6,24,453,prog_L22H13,0.37650616820062677,prog_L6H24,0.09439345167987917
6,25,221,prog_L15H7,0.4202972611213118,prog_L6H25,0.29020082219404303
6,26,846,prog_L33H21,0.5117109341837518,prog_L6H26,0.43963172061921724
6,27,1070,prog_L7H21,0.4045721183300823,prog_L6H27,0.3169893649103326
6,28,935,prog_L3H15,0.5314345573519152,prog_L6H28,0.42204479005137063
6,29,364,prog_L1H2,0.36767193715560453,prog_L6H29,0.17859345863494305
6,30,221,prog_L15H7,0.4406103399544822,prog_L6H30,0.25986773632584903
6,31,1000,prog_L5H16,0.30567749174979164,prog_L6H31,0.12469074965501044
7,0,306,prog_L18H25,0.562668337399034,prog_L7H0,0.4759874043885882
7,1,239,prog_L16H22,0.72138143285034,prog_L7H1,0.2960272622320522
7,2,396,prog_L20H2,0.682050470934924,prog_L7H2,0.62143466101606
7,3,845,prog_L33H20,0.6726448315615814,prog_L7H3,0.46056671041501707
7,4,578,prog_L26H10,0.9973680777864729,prog_L7H4,0.35758241028670334
7,5,113,prog_L12H24,0.9454796379915007,prog_L7H5,0.7904243655843992
7,6,777,prog_L31H17,0.9997829427243214,prog_L7H6,0.9846601702109758
7,7,678,prog_L29H14,0.9741962824459303,prog_L7H7,0.9387466029843526
7,8,848,prog_L33H23,0.6492462072673182,prog_L7H8,0.5234287717486892
7,9,1144,prog_L9H30,0.9466740405331292,prog_L7H9,0.5140688903283832
7,10,446,prog_L21H8,0.6931946885422244,prog_L7H10,0.3615376635809332
7,11,347,prog_L19H5,0.7361395296993362,prog_L7H11,0.6479998642666573
7,12,883,prog_L34H26,0.7811532834168897,prog_L7H12,0.5264642766857905
7,13,1094,prog_L8H14,0.48002556981378663,prog_L7H13,0.2396780410730902
7,14,239,prog_L16H22,0.6821673573501593,prog_L7H14,0.10973794588796378
7,15,766,prog_L30H8,0.6667417206806008,prog_L7H15,0.47335455608429355
7,16,883,prog_L34H26,0.6729312326615022,prog_L7H16,0.5641461606207793
7,17,766,prog_L30H8,0.6497374030119079,prog_L7H17,0.5169656311006364
7,18,410,prog_L20H4,0.678885157291198,prog_L7H18,0.5826605416713853
7,19,86,prog_L11H29,0.5515362806800265,prog_L7H19,0.13671978357608472
7,20,446,prog_L21H8,0.8810209083743853,prog_L7H20,0.5008454389688601
7,21,531,prog_L24H26,0.5017644147568476,prog_L7H21,0.3482093402483351
7,22,446,prog_L21H8,0.8974647954656789,prog_L7H22,0.34515289732987153
7,23,618,prog_L27H18,0.9696510356749626,prog_L7H23,0.90165590708852
7,24,1131,prog_L9H19,0.5644207084217387,prog_L7H24,0.1741008978670368
7,25,794,prog_L31H4,0.6192699961280884,prog_L7H25,0.43344878752897553
7,26,745,prog_L30H17,0.6649231415785535,prog_L7H26,0.5096355525737895
7,27,86,prog_L11H29,0.6369289877638781,prog_L7H27,0.4840111384101385
7,28,784,prog_L31H23,0.7477502873465387,prog_L7H28,0.3517910784487069
7,29,784,prog_L31H23,0.8058554009610548,prog_L7H29,0.4843763754957385
7,30,853,prog_L33H28,0.6974470106645622,prog_L7H30,0.3353223551753231
7,31,883,prog_L34H26,0.7021703947518515,prog_L7H31,0.6413610828477425
8,0,790,prog_L31H29,0.5713430515170514,prog_L8H0,0.4457679720401312
8,1,86,prog_L11H29,0.6337329955747741,prog_L8H1,0.20580320114176762
8,2,766,prog_L30H8,0.7025786299171977,prog_L8H2,0.3746578903153415
8,3,1134,prog_L9H21,0.677435462770028,prog_L8H3,0.6606299914230217
8,4,1151,prog_L9H9,0.773309593924556,prog_L8H4,0.3478272520534059
8,5,239,prog_L16H22,0.5944327106718437,prog_L8H5,0.3995866235093898
8,6,239,prog_L16H22,0.6317955209292199,prog_L8H6,0.10614523721073009
8,7,239,prog_L16H22,0.7713502104991615,prog_L8H7,0.5680343733474995
8,8,239,prog_L16H22,0.6483364643704119,prog_L8H8,0.5863969668480402
8,9,766,prog_L30H8,0.6233774953488458,prog_L8H9,0.3055635057164249
8,10,1151,prog_L9H9,0.705520589655126,prog_L8H10,0.31161011814608847
8,11,86,prog_L11H29,0.6508581112320351,prog_L8H11,0.5697418040040898
8,12,86,prog_L11H29,0.620198001214744,prog_L8H12,0.5342544405973806
8,13,86,prog_L11H29,0.5768128548012932,prog_L8H13,0.3279776809905402
8,14,766,prog_L30H8,0.6912696029612422,prog_L8H14,0.4073940150561085
8,15,892,prog_L34H6,0.6579340846333501,prog_L8H15,0.5311245823541846
8,16,852,prog_L33H27,0.9721124972901034,prog_L8H16,0.8601482225180717
8,17,446,prog_L21H8,0.8366770792727423,prog_L8H17,0.4911921057751383
8,18,678,prog_L29H14,0.9387245877386647,prog_L8H18,0.6920957212567957
8,19,115,prog_L12H26,0.887108337526581,prog_L8H19,0.6621205797021172
8,20,784,prog_L31H23,0.8431789225617925,prog_L8H20,0.6512832019901429
8,21,115,prog_L12H26,0.8273014311468307,prog_L8H21,0.4559353443291739
8,22,766,prog_L30H8,0.7650433032866495,prog_L8H22,0.4249400112657564
8,23,678,prog_L29H14,0.9511422313553719,prog_L8H23,0.7110443595473103
8,24,702,prog_L29H8,0.7275138945866549,prog_L8H24,0.2979245069142553
8,25,687,prog_L29H22,0.7638350856423297,prog_L8H25,0.7009766393756773
8,26,115,prog_L12H26,0.885491071851112,prog_L8H26,0.15181456841782354
8,27,212,prog_L15H27,0.6407381999516094,prog_L8H27,0.3839003623017945
8,28,1151,prog_L9H9,0.649517726671797,prog_L8H28,0.43267915148209884
8,29,239,prog_L16H22,0.6036509450619489,prog_L8H29,0.1548432783139624
8,30,848,prog_L33H23,0.7231568175867629,prog_L8H30,0.3830331106310616
8,31,324,prog_L19H12,0.44737733223353215,prog_L8H31,0.3457160194874984
9,0,239,prog_L16H22,0.6602402061996495,prog_L9H0,0.2984370521214002
9,1,540,prog_L24H6,0.5762545228599179,prog_L9H1,0.4569904511312467
9,2,1134,prog_L9H21,0.6775343486424119,prog_L9H2,0.5964486139497736
9,3,239,prog_L16H22,0.6839033796147929,prog_L9H3,0.5835065836807972
9,4,766,prog_L30H8,0.659728065047098,prog_L9H4,0.22122924638198246
9,5,702,prog_L29H8,0.719493628106489,prog_L9H5,0.2908736801374092
9,6,443,prog_L21H5,0.8164256087950867,prog_L9H6,0.4328157864708919
9,7,490,prog_L23H18,0.5197303888224872,prog_L9H7,0.3763576480124712
9,8,314,prog_L18H4,0.9888487745234775,prog_L9H8,0.19906586235561796
9,9,1144,prog_L9H30,0.9844565102873375,prog_L9H9,0.8680749986586686
9,10,618,prog_L27H18,0.9837457050539422,prog_L9H10,0.8290729111457409
9,11,446,prog_L21H8,0.9434823921090523,prog_L9H11,0.6687237940085896
9,12,736,prog_L30H0,0.6927905675296192,prog_L9H12,0.656710988305907
9,13,239,prog_L16H22,0.6750096119167166,prog_L9H13,0.4541164288263899
9,14,212,prog_L15H27,0.5976893695664427,prog_L9H14,0.4373017805901912
9,15,239,prog_L16H22,0.5974433035799942,prog_L9H15,0.4838257446370745
9,16,115,prog_L12H26,0.8657494159682151,prog_L9H16,0.5189946704725852
9,17,446,prog_L21H8,0.9248598396361479,prog_L9H17,0.7012749456478349
9,18,678,prog_L29H14,0.978142420378859,prog_L9H18,0.7043186937748331
9,19,685,prog_L29H20,0.9952116662415258,prog_L9H19,0.3892468334016892
9,20,920,prog_L35H30,0.6988292957051595,prog_L9H20,0.5869330227593806
9,21,892,prog_L34H6,0.6674576950664209,prog_L9H21,0.6405702173734833
9,22,212,prog_L15H27,0.5869687517237128,prog_L9H22,0.26530167899232293
9,23,239,prog_L16H22,0.6060554836415567,prog_L9H23,0.4766240098797695
9,24,618,prog_L27H18,0.9747402306334068,prog_L9H24,0.7292047586712546
9,25,790,prog_L31H29,0.6582039642223467,prog_L9H25,0.39474770389362224
9,26,446,prog_L21H8,0.8848733788000867,prog_L9H26,0.7316063244965127
9,27,766,prog_L30H8,0.8652585633050751,prog_L9H27,0.32100844938100015
9,28,296,prog_L18H16,0.994402275841086,prog_L9H28,0.8201188509240238
9,29,678,prog_L29H14,0.9677448219516736,prog_L9H29,0.7812299257490752
9,30,685,prog_L29H20,0.9935448476678594,prog_L9H30,0.9935448476678594
9,31,777,prog_L31H17,0.9913782381214037,prog_L9H31,0.7205991626308637
10,0,86,prog_L11H29,0.6697035301007166,prog_L10H0,0.4983095239315472
10,1,664,prog_L28H30,0.6722818859803611,prog_L10H1,0.5181126215759762
10,2,745,prog_L30H17,0.7257138781155212,prog_L10H2,0.5480169595920488
10,3,766,prog_L30H8,0.734609993221149,prog_L10H3,0.5869768880911507
10,4,490,prog_L23H18,0.5535952467701717,prog_L10H4,0.2940383494597584
10,5,920,prog_L35H30,0.6127721869321956,prog_L10H5,0.46372614968034886
10,6,924,prog_L35H6,0.6549496282384611,prog_L10H6,0.3928099663279184
10,7,239,prog_L16H22,0.6024453006746942,prog_L10H7,0.49737549271709536
10,8,324,prog_L19H12,0.522759034050705,prog_L10H8,0.3545945925447632
10,9,766,prog_L30H8,0.7240588442126015,prog_L10H9,0.642212885815754
10,10,883,prog_L34H26,0.7375280286807,prog_L10H10,0.48216924784445997
10,11,758,prog_L30H29,0.7576208594269869,prog_L10H11,0.5452965302194969
10,12,1151,prog_L9H9,0.8653922760035189,prog_L10H12,0.6787468868191224
10,13,239,prog_L16H22,0.7837906369516354,prog_L10H13,0.4698672500678816
10,14,766,prog_L30H8,0.6899867485799774,prog_L10H14,0.20509528080357167
10,15,848,prog_L33H23,0.6406852268542982,prog_L10H15,0.45345445424443
10,16,239,prog_L16H22,0.7022202735963246,prog_L10H16,0.39105146852634964
10,17,1151,prog_L9H9,0.7503178477028324,prog_L10H17,0.684946634115791
10,18,1151,prog_L9H9,0.8379198848280901,prog_L10H18,0.2201737873552412
10,19,887,prog_L34H3,0.8040806751113465,prog_L10H19,0.5038872982073577
10,20,212,prog_L15H27,0.6583478781709955,prog_L10H20,0.5364023629750414
10,21,892,prog_L34H6,0.8063321692800351,prog_L10H21,0.6659479413422812
10,22,1151,prog_L9H9,0.8399437893739756,prog_L10H22,0.5619837207579712
10,23,766,prog_L30H8,0.828236309743312,prog_L10H23,0.3650987114575479
10,24,446,prog_L21H8,0.8166759822149542,prog_L10H24,0.4731500837763897
10,25,446,prog_L21H8,0.8210608887734457,prog_L10H25,0.6890921014736782
10,26,766,prog_L30H8,0.7941851852834798,prog_L10H26,0.7387737780896817
10,27,239,prog_L16H22,0.6245100543941422,prog_L10H27,0.24590698198981079
10,28,689,prog_L29H24,0.7472005776198376,prog_L10H28,0.7063110846130566
10,29,239,prog_L16H22,0.7095928077750384,prog_L10H29,0.5164997268015001
10,30,212,prog_L15H27,0.6149210689926332,prog_L10H30,0.3462036200426818
10,31,845,prog_L33H20,0.6482370849222849,prog_L10H31,0.5301674671972513
11,0,766,prog_L30H8,0.7458843334475338,prog_L11H0,0.43686342408066203
11,1,689,prog_L29H24,0.7316644098548006,prog_L11H1,0.5620951294628869
11,2,540,prog_L24H6,0.6052384293504789,prog_L11H2,0.46685338186461156
11,3,221,prog_L15H7,0.5101391761259055,prog_L11H3,0.3243977487834475
11,4,344,prog_L19H30,0.6356165041121793,prog_L11H4,0.49261424450532165
11,5,490,prog_L23H18,0.5410407301281548,prog_L11H5,0.4561841365554604
11,6,239,prog_L16H22,0.6395792986764933,prog_L11H6,0.31660774127313684
11,7,848,prog_L33H23,0.6190634436371637,prog_L11H7,0.42157772502528745
11,8,766,prog_L30H8,0.8010635701259754,prog_L11H8,0.7966463386505833
11,9,296,prog_L18H16,0.9872901733428026,prog_L11H9,0.4656071218445672
11,10,678,prog_L29H14,0.9335106087452523,prog_L11H10,0.6410843851307866
11,11,678,prog_L29H14,0.7904068994519611,prog_L11H11,0.5574268564686091
11,12,239,prog_L16H22,0.7106420880985397,prog_L11H12,0.3923757937278553
11,13,827,prog_L32H5,0.7225678022148289,prog_L11H13,0.6472195416297821
11,14,239,prog_L16H22,0.6023930796281665,prog_L11H14,0.20217437468600313
11,15,1094,prog_L8H14,0.5153094653899101,prog_L11H15,0.3691236520875266
11,16,239,prog_L16H22,0.7058376634203798,prog_L11H16,0.21671058347734243
11,17,577,prog_L26H1,0.557107643816761,prog_L11H17,0.4268459234834031
11,18,239,prog_L16H22,0.6809015775324615,prog_L11H18,0.39389852874001063
11,19,1120,prog_L9H0,0.5882672050412099,prog_L11H19,0.5279561240733861
11,20,766,prog_L30H8,0.6605004179642677,prog_L11H20,0.27302700357979504
11,21,766,prog_L30H8,0.7351440444883635,prog_L11H21,0.12528479162699666
11,22,239,prog_L16H22,0.5994373045879988,prog_L11H22,0.3489192586968921
11,23,883,prog_L34H26,0.6565964857443907,prog_L11H23,0.5157946312318583
11,24,239,prog_L16H22,0.571967155906032,prog_L11H24,0.4620123422815059
11,25,1134,prog_L9H21,0.682672308307207,prog_L11H25,0.6274897322315762
11,26,212,prog_L15H27,0.4853043579474272,prog_L11H26,0.3344143471254914
11,27,239,prog_L16H22,0.6873635389029324,prog_L11H27,0.36250023064802916
11,28,1151,prog_L9H9,0.7782207268819821,prog_L11H28,0.23782935682430417
11,29,239,prog_L16H22,0.6763037936704536,prog_L11H29,0.6210991802473869
11,30,1131,prog_L9H19,0.5040124225702143,prog_L11H30,0.3239564195860646
11,31,883,prog_L34H26,0.7438079123935817,prog_L11H31,0.5530026811056933
12,0,1,prog_L0H1,0.58794939223717,prog_L12H0,0.3675898174350577
12,1,531,prog_L24H26,0.5679291868298673,prog_L12H1,0.30591017639310464
12,2,441,prog_L21H31,0.6393046799965482,prog_L12H2,0.12502353676126116
12,3,344,prog_L19H30,0.6602371673364235,prog_L12H3,0.5510782090728314
12,4,853,prog_L33H28,0.7223941012435172,prog_L12H4,0.14271150199649163
12,5,239,prog_L16H22,0.6684975727584079,prog_L12H5,0.4112596233458332
12,6,239,prog_L16H22,0.6156442518321041,prog_L12H6,0.4929529489278926
12,7,1075,prog_L7H26,0.6401561962214333,prog_L12H7,0.5381906814488226
12,8,344,prog_L19H30,0.7127826286204269,prog_L12H8,0.24874550956703212
12,9,212,prog_L15H27,0.5602628245715392,prog_L12H9,0.4190040638122987
12,10,239,prog_L16H22,0.6005733398004305,prog_L12H10,0.5127933098478036
12,11,239,prog_L16H22,0.6078322241758949,prog_L12H11,0.37837444627911376
12,12,239,prog_L16H22,0.6206458887079165,prog_L12H12,0.43212278578321023
12,13,766,prog_L30H8,0.6475432287775684,prog_L12H13,0.5016223540275303
12,14,239,prog_L16H22,0.5889329378799935,prog_L12H14,0.4373232151250025
12,15,239,prog_L16H22,0.6294281039866242,prog_L12H15,0.38340652520988366
12,16,221,prog_L15H7,0.5708117244419649,prog_L12H16,0.29910355456704796
12,17,239,prog_L16H22,0.6517902951906944,prog_L12H17,0.45883816961823515
12,18,863,prog_L33H9,0.5744525513038264,prog_L12H18,0.3483732103493039
12,19,845,prog_L33H20,0.7048758106486245,prog_L12H19,0.5906085269214416
12,20,446,prog_L21H8,0.9483929589885669,prog_L12H20,0.3305792235422714
12,21,702,prog_L29H8,0.8355668085912116,prog_L12H21,0.6552505002308774
12,22,1151,prog_L9H9,0.822791080914898,prog_L12H22,0.5851612995243101
12,23,446,prog_L21H8,0.9338853380681619,prog_L12H23,0.6360719072432592
12,24,115,prog_L12H26,0.896876830843808,prog_L12H24,0.8938800999262397
12,25,114,prog_L12H25,0.9532418801046896,prog_L12H25,0.9532418801046896
12,26,446,prog_L21H8,0.9490651225042402,prog_L12H26,0.9120462510650786
12,27,1094,prog_L8H14,0.5600630425754407,prog_L12H27,0.43988046589060675
12,28,883,prog_L34H26,0.7777786656905199,prog_L12H28,0.40996649836533716
12,29,766,prog_L30H8,0.666736453824635,prog_L12H29,0.56110148651256
12,30,446,prog_L21H8,0.9309573908750954,prog_L12H30,0.7046532099185929
12,31,115,prog_L12H26,0.7299722167090195,prog_L12H31,0.3868746103410774
13,0,239,prog_L16H22,0.6322153424388611,prog_L13H0,0.2900077294955503
13,1,239,prog_L16H22,0.6656523669611465,prog_L13H1,0.504918326308402
13,2,887,prog_L34H3,0.6869494694435581,prog_L13H2,0.5479407428621871
13,3,239,prog_L16H22,0.718701499019849,prog_L13H3,0.37827811616601525
13,4,540,prog_L24H6,0.5455505548260527,prog_L13H4,0.31727470151276194
13,5,1131,prog_L9H19,0.5817319520131696,prog_L13H5,0.20203948824818785
13,6,892,prog_L34H6,0.6917265634657227,prog_L13H6,0.6828894730490138
13,7,540,prog_L24H6,0.5652361940471793,prog_L13H7,0.36961828471143787
13,8,1151,prog_L9H9,0.8037619861855869,prog_L13H8,0.13961825130522726
13,9,239,prog_L16H22,0.6698334423193681,prog_L13H9,0.4795879768932383
13,10,678,prog_L29H14,0.9233711042876076,prog_L13H10,0.8313751025457256
13,11,913,prog_L35H24,0.9859023479055564,prog_L13H11,0.30556935668324925
13,12,578,prog_L26H10,0.9999401338646736,prog_L13H12,0.8765565700827086
13,13,777,prog_L31H17,0.9789204871964441,prog_L13H13,0.12801233627933398
13,14,446,prog_L21H8,0.9002744176464523,prog_L13H14,0.6259225569845723
13,15,314,prog_L18H4,0.9994139197033373,prog_L13H15,0.8267873342618346
13,16,766,prog_L30H8,0.7759901744925746,prog_L13H16,0.33627367179279577
13,17,239,prog_L16H22,0.6357481233707707,prog_L13H17,0.31498649536609236
13,18,239,prog_L16H22,0.6652518136701264,prog_L13H18,0.3473992415759747
13,19,239,prog_L16H22,0.5601580077323148,prog_L13H19,0.4208014615597462
13,20,848,prog_L33H23,0.6595025264732741,prog_L13H20,0.42681987064516236
13,21,790,prog_L31H29,0.5273156056989396,prog_L13H21,0.4877367466782454
13,22,766,prog_L30H8,0.6769244907156359,prog_L13H22,0.3839435948227168
13,23,848,prog_L33H23,0.6025098629210816,prog_L13H23,0.3681878696787074
13,24,848,prog_L33H23,0.6948103978236319,prog_L13H24,0.37522356790298167
13,25,490,prog_L23H18,0.552385715377723,prog_L13H25,0.3255835696928111
13,26,239,prog_L16H22,0.7236601064266633,prog_L13H26,0.4761497806884184
13,27,920,prog_L35H30,0.7567816579550549,prog_L13H27,0.4254609774035249
13,28,578,prog_L26H10,0.9780939272687689,prog_L13H28,0.5567792994655308
13,29,678,prog_L29H14,0.9696303698341842,prog_L13H29,0.85528777768228
13,30,115,prog_L12H26,0.7950323829625292,prog_L13H30,0.34771834946277647
13,31,115,prog_L12H26,0.8934831515674796,prog_L13H31,0.6331323704697123
14,0,1131,prog_L9H19,0.5538387293207694,prog_L14H0,0.3578469536499257
14,1,239,prog_L16H22,0.6289416195927184,prog_L14H1,0.49905892001687746
14,2,664,prog_L28H30,0.6821380263360106,prog_L14H2,0.43080420137693554
14,3,748,prog_L30H2,0.6288589734002492,prog_L14H3,0.4428701658212417
14,4,866,prog_L34H10,0.5517355917636565,prog_L14H4,0.38077216819458365
14,5,142,prog_L13H21,0.6725496440941467,prog_L14H5,0.6010909326892548
14,6,1088,prog_L8H0,0.6040952043880397,prog_L14H6,0.40565542025448187
14,7,887,prog_L34H3,0.6775290609657133,prog_L14H7,0.31924228539147775
14,8,239,prog_L16H22,0.6235709078513859,prog_L14H8,0.24270686419091575
14,9,540,prog_L24H6,0.4813667641099675,prog_L14H9,0.34501600307896
14,10,212,prog_L15H27,0.5715991736651407,prog_L14H10,0.392902631620654
14,11,790,prog_L31H29,0.5916586921054845,prog_L14H11,0.4994813457125067
14,12,887,prog_L34H3,0.6937296722559139,prog_L14H12,0.45387201207010197
14,13,766,prog_L30H8,0.7811075175347351,prog_L14H13,0.5914746390123989
14,14,684,prog_L29H2,0.7152237953503167,prog_L14H14,0.33110036827422135
14,15,239,prog_L16H22,0.7745584529651725,prog_L14H15,0.41050877767140115
14,16,766,prog_L30H8,0.7321773988170858,prog_L14H16,0.2437682549166217
14,17,766,prog_L30H8,0.8353031915627144,prog_L14H17,0.20562296046426282
14,18,239,prog_L16H22,0.7794776168260118,prog_L14H18,0.5049216922181178
14,19,239,prog_L16H22,0.6906902657028109,prog_L14H19,0.5487283107225631
14,20,490,prog_L23H18,0.5838675332201154,prog_L14H20,0.4996253643815602
14,21,540,prog_L24H6,0.47358386931994534,prog_L14H21,0.16046739888442188
14,22,799,prog_L31H9,0.5569990631789825,prog_L14H22,0.40999706588482604
14,23,1145,prog_L9H31,0.660080448633927,prog_L14H23,0.5209919321948403
14,24,344,prog_L19H30,0.7316190430642268,prog_L14H24,0.20915947964950699
14,25,239,prog_L16H22,0.5884113807634554,prog_L14H25,0.4684522574153631
14,26,490,prog_L23H18,0.5412552116862467,prog_L14H26,0.41710778539972715
14,27,239,prog_L16H22,0.6449361506468898,prog_L14H27,0.335360491210946
14,28,848,prog_L33H23,0.7503747102828122,prog_L14H28,0.14481723583157202
14,29,896,prog_L35H0,0.7079029903523963,prog_L14H29,0.5184070500290794
14,30,740,prog_L30H12,0.8714561225470332,prog_L14H30,0.6671596858385858
14,31,848,prog_L33H23,0.7652509316591121,prog_L14H31,0.30600171158073886
15,0,1151,prog_L9H9,0.7813807570539735,prog_L15H0,0.5910582040448998
15,1,1094,prog_L8H14,0.5548344381973223,prog_L15H1,0.45830829826515607
15,2,1151,prog_L9H9,0.8174740192741572,prog_L15H2,0.3366097921755432
15,3,742,prog_L30H14,0.5840909041834946,prog_L15H3,0.4175442380276039
15,4,738,prog_L30H10,0.5680816870598213,prog_L15H4,0.39623704321381903
15,5,1147,prog_L9H5,0.5967243304189385,prog_L15H5,0.335309420110225
15,6,896,prog_L35H0,0.6515701873795587,prog_L15H6,0.4313628934000454
15,7,887,prog_L34H3,0.6468619260093899,prog_L15H7,0.28879687479969585
15,8,1151,prog_L9H9,0.8220309411930316,prog_L15H8,0.5248860324460032
15,9,337,prog_L19H24,0.6792322593385456,prog_L15H9,0.40902337619317597
15,10,703,prog_L29H9,0.7369548738318972,prog_L15H10,0.7048848125997519
15,11,678,prog_L29H14,0.9342574634579739,prog_L15H11,0.7859827493526323
15,12,239,prog_L16H22,0.6289287763104846,prog_L15H12,0.3845722988545156
15,13,678,prog_L29H14,0.8528116240593422,prog_L15H13,0.7290053702641391
15,14,887,prog_L34H3,0.6485144279752885,prog_L15H14,0.4697082426548461
15,15,115,prog_L12H26,0.8040823906635606,prog_L15H15,0.33530053207522664
15,16,699,prog_L29H5,0.7071904575829941,prog_L15H16,0.3710783122013115
15,17,239,prog_L16H22,0.5694942913010004,prog_L15H17,0.375602639244738
15,18,239,prog_L16H22,0.5393886835258004,prog_L15H18,0.3717416154139539
15,19,239,prog_L16H22,0.6805709149010246,prog_L15H19,0.3974972229527687
15,20,239,prog_L16H22,0.613916912290999,prog_L15H20,0.44503787281709717
15,21,540,prog_L24H6,0.5872901975270102,prog_L15H21,0.4550775615973607
15,22,540,prog_L24H6,0.502836533012024,prog_L15H22,0.32184387261653824
15,23,540,prog_L24H6,0.551476574876228,prog_L15H23,0.483588747645851
15,24,239,prog_L16H22,0.4943453048163144,prog_L15H24,0.20492775576458322
15,25,212,prog_L15H27,0.5344613444086375,prog_L15H25,0.35033111609401757
15,26,920,prog_L35H30,0.6932679599830528,prog_L15H26,0.5295204163884506
15,27,239,prog_L16H22,0.502039316430773,prog_L15H27,0.48420234414952973
15,28,490,prog_L23H18,0.5531708960882186,prog_L15H28,0.286590529366187
15,29,115,prog_L12H26,0.8835318407719108,prog_L15H29,0.28372958981696605
15,30,239,prog_L16H22,0.6584140207132521,prog_L15H30,0.4084674696432834
15,31,239,prog_L16H22,0.5979256854633184,prog_L15H31,0.3521648084855956
16,0,742,prog_L30H14,0.571671380440362,prog_L16H0,0.4951693779813113
16,1,699,prog_L29H5,0.7380737767195327,prog_L16H1,0.5420112942422692
16,2,239,prog_L16H22,0.6666435038864185,prog_L16H2,0.4387833384669951
16,3,239,prog_L16H22,0.687864082540089,prog_L16H3,0.3245215636999168
16,4,490,prog_L23H18,0.5847370576844839,prog_L16H4,0.22466549736111688
16,5,212,prog_L15H27,0.5376372620935612,prog_L16H5,0.4438103100399245
16,6,224,prog_L16H0,0.6399212226669755,prog_L16H6,0.5108203761642878
16,7,239,prog_L16H22,0.7108834701669955,prog_L16H7,0.5118030567043821
16,8,1094,prog_L8H14,0.5902830784150206,prog_L16H8,0.3278085632415316
16,9,239,prog_L16H22,0.7594016719146921,prog_L16H9,0.5788971653579262
16,10,239,prog_L16H22,0.7120369719795353,prog_L16H10,0.6139722255980277
16,11,790,prog_L31H29,0.7252529647379312,prog_L16H11,0.3910593447331727
16,12,766,prog_L30H8,0.7759201340808568,prog_L16H12,0.5486001156472433
16,13,684,prog_L29H2,0.7437601567450878,prog_L16H13,0.6002826433959652
16,14,845,prog_L33H20,0.7237430293215352,prog_L16H14,0.6132071905965177
16,15,790,prog_L31H29,0.7823984678681942,prog_L16H15,0.6642217085888322
16,16,239,prog_L16H22,0.7672725588982774,prog_L16H16,0.31235931109537723
16,17,239,prog_L16H22,0.7211587012540888,prog_L16H17,0.13261510034885102
16,18,239,prog_L16H22,0.6693162252892753,prog_L16H18,0.5974491256246737
16,19,239,prog_L16H22,0.696862739515177,prog_L16H19,0.449637460080206
16,20,446,prog_L21H8,0.9692509539844232,prog_L16H20,0.7072617730593083
16,21,446,prog_L21H8,0.9682153957473261,prog_L16H21,0.843396602045925
16,22,446,prog_L21H8,0.9261457994071567,prog_L16H22,0.6410597376844037
16,23,446,prog_L21H8,0.8581144469124757,prog_L16H23,0.5569221013251153
16,24,239,prog_L16H22,0.7006645724420592,prog_L16H24,0.30629729327002614
16,25,212,prog_L15H27,0.6610323772631066,prog_L16H25,0.4941291834838464
16,26,234,prog_L16H18,0.5775506221607367,prog_L16H26,0.3704723086732723
16,27,280,prog_L17H30,0.8365239251554741,prog_L16H27,0.6560532279999323
16,28,239,prog_L16H22,0.7265246000321681,prog_L16H28,0.39396869520732214
16,29,239,prog_L16H22,0.6398893753752612,prog_L16H29,0.2685134871036467
16,30,239,prog_L16H22,0.6807733099659795,prog_L16H30,0.5622544547823101
16,31,239,prog_L16H22,0.6183832075938449,prog_L16H31,0.4265937536543752
17,0,446,prog_L21H8,0.9276462721411752,prog_L17H0,0.6226611152736383
17,1,766,prog_L30H8,0.8254090777808893,prog_L17H1,0.6604516697093157
17,2,239,prog_L16H22,0.7277927537204243,prog_L17H2,0.40090634061003805
17,3,790,prog_L31H29,0.6368813453078219,prog_L17H3,0.5483094684946166
17,4,239,prog_L16H22,0.6266702852135363,prog_L17H4,0.3846448615541064
17,5,239,prog_L16H22,0.6412732213843084,prog_L17H5,0.14824748705833338
17,6,1094,prog_L8H14,0.6038777799825144,prog_L17H6,0.2673303492979636
17,7,212,prog_L15H27,0.6641143655403973,prog_L17H7,0.17819805045770343
17,8,920,prog_L35H30,0.7006141178821054,prog_L17H8,0.5591953635681889
17,9,115,prog_L12H26,0.8275309395065413,prog_L17H9,0.7177047071113227
17,10,766,prog_L30H8,0.7770385129388246,prog_L17H10,0.193449413443548
17,11,766,prog_L30H8,0.7431167875986597,prog_L17H11,0.4512199473241725
17,12,680,prog_L29H16,0.6869606673890045,prog_L17H12,0.5774394124583044
17,13,239,prog_L16H22,0.5836720077250899,prog_L17H13,0.43407484978898614
17,14,239,prog_L16H22,0.6081132225256165,prog_L17H14,0.4718971694084182
17,15,887,prog_L34H3,0.678569961305058,prog_L17H15,0.45310260002359987
17,16,453,prog_L22H13,0.4758369289516712,prog_L17H16,0.28915411413865555
17,17,790,prog_L31H29,0.6590166909957791,prog_L17H17,0.3538534100973785
17,18,221,prog_L15H7,0.354946995083013,prog_L17H18,0.14391546787435416
17,19,1037,prog_L6H20,0.6167676331977417,prog_L17H19,0.2185110967459295
17,20,766,prog_L30H8,0.7443813950705411,prog_L17H20,0.5975087804294175
17,21,115,prog_L12H26,0.874559952654268,prog_L17H21,0.8433290510878423
17,22,1151,prog_L9H9,0.8639074996335734,prog_L17H22,0.27533858111310194
17,23,702,prog_L29H8,0.779990422391097,prog_L17H23,0.555555878699271
17,24,239,prog_L16H22,0.70342744563726,prog_L17H24,0.25438934245076306
17,25,337,prog_L19H24,0.6656537627556135,prog_L17H25,0.5371776031887994
17,26,239,prog_L16H22,0.6029402309308749,prog_L17H26,0.4444509738186015
17,27,239,prog_L16H22,0.60906907237369,prog_L17H27,0.4090794831656622
17,28,490,prog_L23H18,0.5802258386718426,prog_L17H28,0.39792873175086463
17,29,239,prog_L16H22,0.648116178654973,prog_L17H29,0.49268517679226387
17,30,848,prog_L33H23,0.6918952479074909,prog_L17H30,0.14785642828230716
17,31,239,prog_L16H22,0.6126699915917895,prog_L17H31,0.3823708510477051
18,0,742,prog_L30H14,0.5408102262951542,prog_L18H0,0.3702355422733662
18,1,234,prog_L16H18,0.6067355779164141,prog_L18H1,0.3639378034040377
18,2,1147,prog_L9H5,0.6102915289907642,prog_L18H2,0.3747961986094231
18,3,1047,prog_L6H3,0.6219334902633373,prog_L18H3,0.21991103594221162
18,4,689,prog_L29H24,0.7152704811176489,prog_L18H4,0.47847000652520855
18,5,887,prog_L34H3,0.7107103484537765,prog_L18H5,0.3479731121650224
18,6,790,prog_L31H29,0.6140920238006617,prog_L18H6,0.21143785531256498
18,7,239,prog_L16H22,0.5958168907906003,prog_L18H7,0.39225525349445584
18,8,239,prog_L16H22,0.7151089947324517,prog_L18H8,0.47233076772351246
18,9,239,prog_L16H22,0.6755969431608613,prog_L18H9,0.5001560925627304
18,10,239,prog_L16H22,0.7124823740611097,prog_L18H10,0.48456023297398876
18,11,1151,prog_L9H9,0.7561376168630964,prog_L18H11,0.34917705523321063
18,12,239,prog_L16H22,0.7082806725621009,prog_L18H12,0.4447744548185974
18,13,239,prog_L16H22,0.742524226742064,prog_L18H13,0.08230755701419801
18,14,239,prog_L16H22,0.7031024101322916,prog_L18H14,0.5070307405539758
18,15,239,prog_L16H22,0.6927706033166904,prog_L18H15,0.6096034368857506
18,16,866,prog_L34H10,0.6942455355218634,prog_L18H16,0.361007959888488
18,17,790,prog_L31H29,0.6084017106010613,prog_L18H17,0.45892694571766657
18,18,239,prog_L16H22,0.6223035749253927,prog_L18H18,0.40126787420612126
18,19,239,prog_L16H22,0.6011716612976086,prog_L18H19,0.27346721481083075
18,20,239,prog_L16H22,0.6563688598031253,prog_L18H20,0.33769675643797803
18,21,239,prog_L16H22,0.5879811351132596,prog_L18H21,0.3545239310587971
18,22,239,prog_L16H22,0.726290474784845,prog_L18H22,0.11194929011443092
18,23,446,prog_L21H8,0.8957008187617903,prog_L18H23,0.7780925410425537
18,24,239,prog_L16H22,0.6344809394421911,prog_L18H24,0.4787269892523621
18,25,239,prog_L16H22,0.7251459279789554,prog_L18H25,0.5700602367830683
18,26,239,prog_L16H22,0.6804974244478152,prog_L18H26,0.31105142194991287
18,27,239,prog_L16H22,0.683289998885577,prog_L18H27,0.2707180000387166
18,28,212,prog_L15H27,0.6053575577224787,prog_L18H28,0.38607375542390754
18,29,1088,prog_L8H0,0.5381505575829919,prog_L18H29,0.45886121431098503
18,30,766,prog_L30H8,0.6995530476304295,prog_L18H30,0.4143347143792664
18,31,212,prog_L15H27,0.6378809033753975,prog_L18H31,0.3591595013721893
19,0,239,prog_L16H22,0.6769539784797864,prog_L19H0,0.3516014020217895
19,1,239,prog_L16H22,0.6734468803274403,prog_L19H1,0.290984697104895
19,2,790,prog_L31H29,0.6409119750557073,prog_L19H2,0.5172344058307735
19,3,239,prog_L16H22,0.6510153474337372,prog_L19H3,0.5293501566026566
19,4,212,prog_L15H27,0.7008319700904074,prog_L19H4,0.49072640589154604
19,5,766,prog_L30H8,0.7885501506809918,prog_L19H5,0.664750437524342
19,6,1070,prog_L7H21,0.5163460155610717,prog_L19H6,0.3012419114729549
19,7,212,prog_L15H27,0.7515718237166524,prog_L19H7,0.3476146198497344
19,8,790,prog_L31H29,0.650060390613264,prog_L19H8,0.326334385240628
19,9,887,prog_L34H3,0.6647986641268075,prog_L19H9,0.3537092439419509
19,10,883,prog_L34H26,0.6782268962412834,prog_L19H10,0.4709394744536497
19,11,766,prog_L30H8,0.842777075991838,prog_L19H11,0.5937784981564022
19,12,239,prog_L16H22,0.7074725652793693,prog_L19H12,0.5344766370284146
19,13,239,prog_L16H22,0.6799133766998738,prog_L19H13,0.4215137359244457
19,14,239,prog_L16H22,0.6862171239067275,prog_L19H14,0.25578984525991466
19,15,790,prog_L31H29,0.7342496242872096,prog_L19H15,0.40054313898077076
19,16,887,prog_L34H3,0.7045569057623007,prog_L19H16,0.5890209215321645
19,17,883,prog_L34H26,0.7625547624315798,prog_L19H17,0.7466354039047602
19,18,1088,prog_L8H0,0.5452139818346629,prog_L19H18,0.4220031934633078
19,19,212,prog_L15H27,0.5555464240815413,prog_L19H19,0.3752247899120387
19,20,1,prog_L0H1,0.6655689843133565,prog_L19H20,0.3093121886436378
19,21,239,prog_L16H22,0.7001951387038358,prog_L19H21,0.4663146881039525
19,22,540,prog_L24H6,0.6544552418461582,prog_L19H22,0.44518900255251626
19,23,212,prog_L15H27,0.6489833220239593,prog_L19H23,0.2025499159317523
19,24,113,prog_L12H24,0.9250182279680967,prog_L19H24,0.6697773274967322
19,25,446,prog_L21H8,0.911652831704434,prog_L19H25,0.7283284877609175
19,26,115,prog_L12H26,0.8919801800201329,prog_L19H26,0.7686988671597518
19,27,678,prog_L29H14,0.9477881676929414,prog_L19H27,0.6484450594876202
19,28,239,prog_L16H22,0.7080350507112804,prog_L19H28,0.5719967639793377
19,29,239,prog_L16H22,0.6317746956197504,prog_L19H29,0.39646342888867603
19,30,239,prog_L16H22,0.7288080955058864,prog_L19H30,0.6312810589743141
19,31,848,prog_L33H23,0.6828219067295263,prog_L19H31,0.5678206498367405
20,0,446,prog_L21H8,0.7955305137237667,prog_L20H0,0.2858145275912199
20,1,887,prog_L34H3,0.6488291813400444,prog_L20H1,0.2881099481704017
20,2,239,prog_L16H22,0.7224659890271798,prog_L20H2,0.44538834060991794
20,3,239,prog_L16H22,0.7172426624509952,prog_L20H3,0.5924289167421696
20,4,887,prog_L34H3,0.7762673686933789,prog_L20H4,0.7523813264549686
20,5,490,prog_L23H18,0.6183292606356312,prog_L20H5,0.1293979511235256
20,6,540,prog_L24H6,0.6114151952515343,prog_L20H6,0.1257908058400813
20,7,224,prog_L16H0,0.649649462294132,prog_L20H7,0.5981804197889111
20,8,490,prog_L23H18,0.6005913771014225,prog_L20H8,0.3431141771046431
20,9,224,prog_L16H0,0.7075597501723649,prog_L20H9,0.31940117525144185
20,10,239,prog_L16H22,0.5553004282226849,prog_L20H10,0.2510475117050004
20,11,799,prog_L31H9,0.5534532981137593,prog_L20H11,0.2613680592885519
20,12,115,prog_L12H26,0.7538115784113566,prog_L20H12,0.5584983142365376
20,13,883,prog_L34H26,0.7731360207949455,prog_L20H13,0.5882229742657341
20,14,115,prog_L12H26,0.8189070592462774,prog_L20H14,0.5849183871719867
20,15,446,prog_L21H8,0.8156235076170839,prog_L20H15,0.341939364939415
20,16,212,prog_L15H27,0.6573863418018109,prog_L20H16,0.5109376367300529
20,17,212,prog_L15H27,0.5688168805925132,prog_L20H17,0.44455301636655425
20,18,239,prog_L16H22,0.6729282489691639,prog_L20H18,0.5168180823053949
20,19,1088,prog_L8H0,0.6507088139001203,prog_L20H19,0.5361265488078957
20,20,790,prog_L31H29,0.6690757662753297,prog_L20H20,0.5265453383032814
20,21,446,prog_L21H8,0.9433637855504737,prog_L20H21,0.6922967003995342
20,22,115,prog_L12H26,0.8069956691961021,prog_L20H22,0.7083029712900388
20,23,702,prog_L29H8,0.8069901397620529,prog_L20H23,0.5792860204234882
20,24,777,prog_L31H17,0.9989689826679893,prog_L20H24,0.8233419704394167
20,25,446,prog_L21H8,0.8616169898089422,prog_L20H25,0.5204665720879457
20,26,446,prog_L21H8,0.9116915071050098,prog_L20H26,0.8791382317470764
20,27,1151,prog_L9H9,0.8144500562622389,prog_L20H27,0.3405979420930231
20,28,446,prog_L21H8,0.8039703167294142,prog_L20H28,0.2503210926001602
20,29,239,prog_L16H22,0.7074945257371622,prog_L20H29,0.21327078239829056
20,30,446,prog_L21H8,0.9105127312282058,prog_L20H30,0.5078815666336078
20,31,446,prog_L21H8,0.9187446497217469,prog_L20H31,0.7319584290384188
21,0,540,prog_L24H6,0.5596360421401693,prog_L21H0,0.10959677663958163
21,1,664,prog_L28H30,0.623557569233022,prog_L21H1,0.3372719276335821
21,2,786,prog_L31H25,0.6750338138281022,prog_L21H2,0.6026397471382974
21,3,1131,prog_L9H19,0.6142177447849665,prog_L21H3,0.33239553210911177
21,4,853,prog_L33H28,0.8801342060214983,prog_L21H4,0.5531263920212046
21,5,388,prog_L20H12,0.7045849200387477,prog_L21H5,0.5402887433643992
21,6,766,prog_L30H8,0.8217020793315156,prog_L21H6,0.15578320687176778
21,7,853,prog_L33H28,0.8669988507775395,prog_L21H7,0.5131501864326845
21,8,852,prog_L33H27,0.991652973610623,prog_L21H8,0.9835463878847704
21,9,239,prog_L16H22,0.6638179151443337,prog_L21H9,0.4297041196084099
21,10,682,prog_L29H18,0.6929325815754845,prog_L21H10,0.4846091406178648
21,11,766,prog_L30H8,0.7433300286259972,prog_L21H11,0.20318881318244714
21,12,540,prog_L24H6,0.5630564114277513,prog_L21H12,0.3416093477879222
21,13,1094,prog_L8H14,0.5372507167285256,prog_L21H13,0.40008426122812235
21,14,196,prog_L15H12,0.5793397859015965,prog_L21H14,0.4094528657528084
21,15,1088,prog_L8H0,0.6007961673697904,prog_L21H15,0.4189194983550376
21,16,239,prog_L16H22,0.6921991300748378,prog_L21H16,0.4797305602723142
21,17,766,prog_L30H8,0.7626158352657302,prog_L21H17,0.34281685935810435
21,18,115,prog_L12H26,0.7788574975126759,prog_L21H18,0.33541892142984275
21,19,212,prog_L15H27,0.6004918362444218,prog_L21H19,0.17388706415962862
21,20,766,prog_L30H8,0.7973428348489888,prog_L21H20,0.677982877593252
21,21,446,prog_L21H8,0.8560082075871926,prog_L21H21,0.4835868040592822
21,22,115,prog_L12H26,0.8600170509360119,prog_L21H22,0.7717270265879252
21,23,702,prog_L29H8,0.834119540439098,prog_L21H23,0.3497733053825405
21,24,239,prog_L16H22,0.6337110346255073,prog_L21H24,0.5198010808501908
21,25,239,prog_L16H22,0.5849588088243679,prog_L21H25,0.3539151663990304
21,26,212,prog_L15H27,0.6202334826249968,prog_L21H26,0.40732917885625874
21,27,1151,prog_L9H9,0.7756659476299492,prog_L21H27,0.6046345861751297
21,28,239,prog_L16H22,0.6209847483059001,prog_L21H28,0.36918203948081835
21,29,790,prog_L31H29,0.6234079268401922,prog_L21H29,0.4660815017087844
21,30,212,prog_L15H27,0.5746040291042274,prog_L21H30,0.17198977798277076
21,31,766,prog_L30H8,0.8012435761084878,prog_L21H31,0.704087320656934
22,0,239,prog_L16H22,0.6948206418357872,prog_L22H0,0.2658832337865569
22,1,212,prog_L15H27,0.6231617460294756,prog_L22H1,0.505354687674374
22,2,239,prog_L16H22,0.7349516278981199,prog_L22H2,0.5358252383559237
22,3,212,prog_L15H27,0.6751674388708885,prog_L22H3,0.37002669234528185
22,4,239,prog_L16H22,0.6638936212937749,prog_L22H4,0.4353234620708162
22,5,239,prog_L16H22,0.6232147606415426,prog_L22H5,0.5499977622997877
22,6,212,prog_L15H27,0.692214362379526,prog_L22H6,0.30231673770640666
22,7,540,prog_L24H6,0.582759722422378,prog_L22H7,0.43701014636555946
22,8,396,prog_L20H2,0.7619041462067254,prog_L22H8,0.6243610904649148
22,9,490,prog_L23H18,0.6526732126695666,prog_L22H9,0.5508434697580052
22,10,540,prog_L24H6,0.6083389152479524,prog_L22H10,0.3958572392786247
22,11,866,prog_L34H10,0.586034209824287,prog_L22H11,0.16638169466564415
22,12,484,prog_L23H12,0.7871137917303835,prog_L22H12,0.6902457919907858
22,13,239,prog_L16H22,0.7874572423529856,prog_L22H13,0.2896971590466211
22,14,1088,prog_L8H0,0.5894762785071066,prog_L22H14,0.4628307256351285
22,15,212,prog_L15H27,0.6730791808003068,prog_L22H15,0.4652856025272323
22,16,42,prog_L10H18,0.6852108539719156,prog_L22H16,0.4997053893402663
22,17,896,prog_L35H0,0.6501686932931141,prog_L22H17,0.4792546065071908
22,18,239,prog_L16H22,0.5193555024176211,prog_L22H18,0.15462925004365857
22,19,1047,prog_L6H3,0.48265783786634187,prog_L22H19,0.3386323240147442
22,20,1151,prog_L9H9,0.8788320977558934,prog_L22H20,0.2948947675136838
22,21,446,prog_L21H8,0.9287549359752734,prog_L22H21,0.6270608864134511
22,22,1144,prog_L9H30,0.9648929797188704,prog_L22H22,0.35792709713991055
22,23,296,prog_L18H16,0.9882105605516871,prog_L22H23,0.9078563175098118
22,24,766,prog_L30H8,0.6961880677103518,prog_L22H24,0.42109797609043914
22,25,790,prog_L31H29,0.6744779003147792,prog_L22H25,0.4744305521684635
22,26,883,prog_L34H26,0.7013510664671316,prog_L22H26,0.5225480120431107
22,27,410,prog_L20H4,0.6874540733062467,prog_L22H27,0.5922322646150291
22,28,702,prog_L29H8,0.859370335496247,prog_L22H28,0.7745025335075025
22,29,920,prog_L35H30,0.6933601850373345,prog_L22H29,0.22646001151804912
22,30,766,prog_L30H8,0.7689972757048193,prog_L22H30,0.20999414954232767
22,31,766,prog_L30H8,0.786783811289582,prog_L22H31,0.14727434366272676
23,0,668,prog_L28H6,0.5715053397775411,prog_L23H0,0.4661881907031207
23,1,680,prog_L29H16,0.6693475546883334,prog_L23H1,0.5948159794086504
23,2,799,prog_L31H9,0.5503378341958821,prog_L23H2,0.4174155305102876
23,3,212,prog_L15H27,0.5962103252638162,prog_L23H3,0.425761961802216
23,4,446,prog_L21H8,0.885336231902508,prog_L23H4,0.7108085456260753
23,5,702,prog_L29H8,0.8456381440810379,prog_L23H5,0.5798396966021582
23,6,142,prog_L13H21,0.5052214237204256,prog_L23H6,0.4798870440213552
23,7,766,prog_L30H8,0.6992546021983678,prog_L23H7,0.20673801692203692
23,8,239,prog_L16H22,0.6421777647510132,prog_L23H8,0.48993668456451356
23,9,93,prog_L11H7,0.6479045333649825,prog_L23H9,0.3732719780183698
23,10,212,prog_L15H27,0.5521473750225789,prog_L23H10,0.4246426740241231
23,11,540,prog_L24H6,0.5590996092580454,prog_L23H11,0.3962039564354098
23,12,887,prog_L34H3,0.6904151453057037,prog_L23H12,0.21369497813929308
23,13,790,prog_L31H29,0.6596966019147751,prog_L23H13,0.5247051919333171
23,14,239,prog_L16H22,0.612423628715793,prog_L23H14,0.4634633378002827
23,15,896,prog_L35H0,0.6745295832998854,prog_L23H15,0.3713526747745136
23,16,896,prog_L35H0,0.7054939333797527,prog_L23H16,0.21511451426823056
23,17,843,prog_L33H19,0.5658439527893291,prog_L23H17,0.4620110803916505
23,18,790,prog_L31H29,0.5994931356739104,prog_L23H18,0.5722874063195731
23,19,843,prog_L33H19,0.667191927686279,prog_L23H19,0.3809355678991829
23,20,577,prog_L26H1,0.5727665417139505,prog_L23H20,0.31492947316327835
23,21,766,prog_L30H8,0.791138189962582,prog_L23H21,0.27813785844342703
23,22,887,prog_L34H3,0.7037951928242909,prog_L23H22,0.2605734744160881
23,23,790,prog_L31H29,0.695144100324118,prog_L23H23,0.2786666880043885
23,24,790,prog_L31H29,0.6491554642601044,prog_L23H24,0.5519996184801996
23,25,790,prog_L31H29,0.6652350925426062,prog_L23H25,0.5191037967010024
23,26,790,prog_L31H29,0.6608355712323661,prog_L23H26,0.3446499092525135
23,27,410,prog_L20H4,0.6035686933488775,prog_L23H27,0.3775095784795163
23,28,766,prog_L30H8,0.7399176125922959,prog_L23H28,0.7220588301932537
23,29,766,prog_L30H8,0.6930904640814096,prog_L23H29,0.5082818170614404
23,30,766,prog_L30H8,0.7493426219716899,prog_L23H30,0.40874838114014583
23,31,239,prog_L16H22,0.6973002232956445,prog_L23H31,0.6470518652045965
24,0,897,prog_L35H1,0.6698236026131069,prog_L24H0,0.40373019674538496
24,1,446,prog_L21H8,0.9736750818037717,prog_L24H1,0.7965290450615794
24,2,702,prog_L29H8,0.8555207363388925,prog_L24H2,0.7036591563093239
24,3,843,prog_L33H19,0.7368867373860815,prog_L24H3,0.36658135021191396
24,4,766,prog_L30H8,0.8108901426223474,prog_L24H4,0.4603924951877362
24,5,115,prog_L12H26,0.7968394512002654,prog_L24H5,0.5339650210789176
24,6,883,prog_L34H26,0.8378813796141813,prog_L24H6,0.41821150174112665
24,7,802,prog_L32H10,0.7806192289379977,prog_L24H7,0.299070614643712
24,8,115,prog_L12H26,0.8142478369458228,prog_L24H8,0.1345888188743792
24,9,446,prog_L21H8,0.7538819375195888,prog_L24H9,0.40776205782491504
24,10,883,prog_L34H26,0.712729994320277,prog_L24H10,0.4853210206431179
24,11,790,prog_L31H29,0.7105936520917663,prog_L24H11,0.32679066121054895
24,12,239,prog_L16H22,0.650787353530506,prog_L24H12,0.4538017856127392
24,13,887,prog_L34H3,0.6850598395267133,prog_L24H13,0.4624658280299912
24,14,766,prog_L30H8,0.6905469246200338,prog_L24H14,0.3339094502359512
24,15,212,prog_L15H27,0.5915544718842216,prog_L24H15,0.3861376511037401
24,16,790,prog_L31H29,0.6299470097578501,prog_L24H16,0.48442262104315487
24,17,790,prog_L31H29,0.6074638166721317,prog_L24H17,0.41309341964380764
24,18,766,prog_L30H8,0.8609965774767501,prog_L24H18,0.5429733119291792
24,19,790,prog_L31H29,0.6490558332110337,prog_L24H19,0.5838926283679676
24,20,446,prog_L21H8,0.9790377217509714,prog_L24H20,0.9744177278474065
24,21,115,prog_L12H26,0.8495099190607067,prog_L24H21,0.17323991986892004
24,22,446,prog_L21H8,0.892207378786164,prog_L24H22,0.44711549175564247
24,23,446,prog_L21H8,0.9345405831528056,prog_L24H23,0.7975803286302658
24,24,827,prog_L32H5,0.7277101077900355,prog_L24H24,0.599200284643977
24,25,790,prog_L31H29,0.6816153924833339,prog_L24H25,0.44745314876162967
24,26,790,prog_L31H29,0.6256571866035707,prog_L24H26,0.5962698272916428
24,27,1088,prog_L8H0,0.5723363265141239,prog_L24H27,0.25168530799994127
24,28,766,prog_L30H8,0.7922946962669069,prog_L24H28,0.1647607303388358
24,29,446,prog_L21H8,0.9436820733955789,prog_L24H29,0.5641301438424084
24,30,1151,prog_L9H9,0.7752919577019769,prog_L24H30,0.6396884919760635
24,31,766,prog_L30H8,0.7032953617901918,prog_L24H31,0.6296267276269564
25,0,1151,prog_L9H9,0.7915228308476541,prog_L25H0,0.5843883638063609
25,1,446,prog_L21H8,0.9407260327041591,prog_L25H1,0.9003941981552299
25,2,702,prog_L29H8,0.8341932631630686,prog_L25H2,0.632107491371912
25,3,790,prog_L31H29,0.6443959293556809,prog_L25H3,0.3467975831419353
25,4,388,prog_L20H12,0.702580652658624,prog_L25H4,0.47109646231832003
25,5,664,prog_L28H30,0.6396951848813462,prog_L25H5,0.33608014367621836
25,6,115,prog_L12H26,0.8465473196175987,prog_L25H6,0.6020716983543113
25,7,531,prog_L24H26,0.6014997383882126,prog_L25H7,0.4712346069804918
25,8,766,prog_L30H8,0.7849306512265072,prog_L25H8,0.6904856400033184
25,9,887,prog_L34H3,0.6791423619494317,prog_L25H9,0.3546205529510785
25,10,883,prog_L34H26,0.7139647854518707,prog_L25H10,0.36733149683410293
25,11,790,prog_L31H29,0.6147560129684325,prog_L25H11,0.42069784880531647
25,12,388,prog_L20H12,0.6320827931448647,prog_L25H12,0.4250400430386069
25,13,848,prog_L33H23,0.739028822545643,prog_L25H13,0.5837668863419472
25,14,523,prog_L24H19,0.7070821524802237,prog_L25H14,0.5594455343475992
25,15,95,prog_L11H9,0.5978557007098699,prog_L25H15,0.48565045196453877
25,16,883,prog_L34H26,0.7338307443191588,prog_L25H16,0.3917856474038346
25,17,766,prog_L30H8,0.7515913141340422,prog_L25H17,0.3802097226216164
25,18,443,prog_L21H5,0.7900135960719211,prog_L25H18,0.6678135574177531
25,19,531,prog_L24H26,0.6902626174251443,prog_L25H19,0.5585962800670472
25,20,790,prog_L31H29,0.6410449852697302,prog_L25H20,0.5379291926652653
25,21,702,prog_L29H8,0.7618457807289922,prog_L25H21,0.33623466974425387
25,22,848,prog_L33H23,0.685440640240528,prog_L25H22,0.1596246994595779
25,23,766,prog_L30H8,0.784697812255729,prog_L25H23,0.6282450252143947
25,24,766,prog_L30H8,0.7917664270562266,prog_L25H24,0.2823014068463237
25,25,766,prog_L30H8,0.8405278586552745,prog_L25H25,0.5596925950709624
25,26,766,prog_L30H8,0.7106495693137396,prog_L25H26,0.661066220383502
25,27,1151,prog_L9H9,0.81841214159394,prog_L25H27,0.5006433296306477
25,28,239,prog_L16H22,0.7193277626409319,prog_L25H28,0.6204501238401694
25,29,446,prog_L21H8,0.9734159902740298,prog_L25H29,0.7971293383642668
25,30,115,prog_L12H26,0.8400820274366034,prog_L25H30,0.6596680876818457
25,31,239,prog_L16H22,0.7124768479846421,prog_L25H31,0.45016328422873
26,0,684,prog_L29H2,0.7570283650516068,prog_L26H0,0.5663706517808635
26,1,790,prog_L31H29,0.7533584749786579,prog_L26H1,0.6054214328236005
26,2,446,prog_L21H8,0.9038852278110825,prog_L26H2,0.41196120995000357
26,3,684,prog_L29H2,0.7292752245556969,prog_L26H3,0.6122633268211796
26,4,702,prog_L29H8,0.7810348252092325,prog_L26H4,0.7086935617596124
26,5,446,prog_L21H8,0.8853754790417896,prog_L26H5,0.3505784362991693
26,6,446,prog_L21H8,0.9019015054252764,prog_L26H6,0.7767043045033923
26,7,702,prog_L29H8,0.8007566056662032,prog_L26H7,0.40508722186872004
26,8,883,prog_L34H26,0.8206170646507923,prog_L26H8,0.7098733840461091
26,9,443,prog_L21H5,0.7730958440724647,prog_L26H9,0.16447005581663698
26,10,545,prog_L25H1,0.7616607419553495,prog_L26H10,0.7426722949173481
26,11,883,prog_L34H26,0.72183617317196,prog_L26H11,0.5817956724193274
26,12,766,prog_L30H8,0.7596198332994648,prog_L26H12,0.628192155070141
26,13,446,prog_L21H8,0.9667964371974926,prog_L26H13,0.8296805132673483
26,14,446,prog_L21H8,0.9029869654718382,prog_L26H14,0.727806223085846
26,15,446,prog_L21H8,0.9317030237220862,prog_L26H15,0.6937137959834174
26,16,887,prog_L34H3,0.7166589720955823,prog_L26H16,0.6054418141638179
26,17,887,prog_L34H3,0.6647047886140727,prog_L26H17,0.519291314462276
26,18,883,prog_L34H26,0.7608842432053835,prog_L26H18,0.3527218474390261
26,19,883,prog_L34H26,0.7508633394947286,prog_L26H19,0.5835916665120601
26,20,883,prog_L34H26,0.7368054307024923,prog_L26H20,0.6302743746216424
26,21,446,prog_L21H8,0.8694797729916065,prog_L26H21,0.7576466724736596
26,22,446,prog_L21H8,0.8617187202859593,prog_L26H22,0.10502537485301007
26,23,446,prog_L21H8,0.9209669609907267,prog_L26H23,0.08046758203795584
26,24,766,prog_L30H8,0.7282067090945871,prog_L26H24,0.48661243666141485
26,25,766,prog_L30H8,0.7252039933137292,prog_L26H25,0.5283982127803855
26,26,446,prog_L21H8,0.8964528023981106,prog_L26H26,0.23250667127803043
26,27,887,prog_L34H3,0.6927845100117299,prog_L26H27,0.6003583216298501
26,28,115,prog_L12H26,0.8157809982975572,prog_L26H28,0.5438747072757001
26,29,887,prog_L34H3,0.7129705629246956,prog_L26H29,0.5214120312459049
26,30,883,prog_L34H26,0.8300432817538264,prog_L26H30,0.3466625690907456
26,31,115,prog_L12H26,0.8150008468015211,prog_L26H31,0.5402986005618773
27,0,794,prog_L31H4,0.7540035266581999,prog_L27H0,0.5104253668936651
27,1,443,prog_L21H5,0.7511499803998143,prog_L27H1,0.5407392426895675
27,2,766,prog_L30H8,0.7222016232553341,prog_L27H2,0.6981553397599829
27,3,446,prog_L21H8,0.890152207234318,prog_L27H3,0.45524569768399653
27,4,766,prog_L30H8,0.7792689417901811,prog_L27H4,0.41612147197809585
27,5,883,prog_L34H26,0.7832996855856514,prog_L27H5,0.3049640479373176
27,6,566,prog_L25H29,0.7082250856442344,prog_L27H6,0.38481096750886384
27,7,790,prog_L31H29,0.7082832317960135,prog_L27H7,0.4228575098238432
27,8,388,prog_L20H12,0.602027217037714,prog_L27H8,0.4457220922346606
27,9,848,prog_L33H23,0.744717112747459,prog_L27H9,0.3037939181208186
27,10,115,prog_L12H26,0.856677607475768,prog_L27H10,0.16268801412683853
27,11,887,prog_L34H3,0.7856016021184602,prog_L27H11,0.646656750869314
27,12,95,prog_L11H9,0.6063088902551901,prog_L27H12,0.4800326573109923
27,13,115,prog_L12H26,0.8000502180304832,prog_L27H13,0.1556510399310534
27,14,388,prog_L20H12,0.6386270745038666,prog_L27H14,0.48432192171930893
27,15,887,prog_L34H3,0.7868666850822046,prog_L27H15,0.7768683708832638
27,16,446,prog_L21H8,0.8211682481077386,prog_L27H16,0.34347950035467
27,17,446,prog_L21H8,0.8218927404972732,prog_L27H17,0.6920626206978127
27,18,446,prog_L21H8,0.8735278411273175,prog_L27H18,0.8627632661921659
27,19,446,prog_L21H8,0.8713100232830384,prog_L27H19,0.5764409799534725
27,20,766,prog_L30H8,0.819179871423426,prog_L27H20,0.739259625075376
27,21,702,prog_L29H8,0.8208722141490933,prog_L27H21,0.6060758661220532
27,22,702,prog_L29H8,0.8565461910436141,prog_L27H22,0.608002522818544
27,23,1151,prog_L9H9,0.7635315835246207,prog_L27H23,0.31686621691989963
27,24,702,prog_L29H8,0.8334018251306483,prog_L27H24,0.7739332950680925
27,25,446,prog_L21H8,0.9019841775821812,prog_L27H25,0.35360436351076685
27,26,446,prog_L21H8,0.9633642260262729,prog_L27H26,0.73247995219132
27,27,446,prog_L21H8,0.9627510253178375,prog_L27H27,0.3077557030133855
27,28,766,prog_L30H8,0.8559429137800649,prog_L27H28,0.6753414562865748
27,29,790,prog_L31H29,0.6235284908939407,prog_L27H29,0.4257100097295541
27,30,115,prog_L12H26,0.848482850916358,prog_L27H30,0.17248024124479983
27,31,883,prog_L34H26,0.76297114887608,prog_L27H31,0.2631429885268475
28,0,545,prog_L25H1,0.8294253563377432,prog_L28H0,0.4168010425672172
28,1,887,prog_L34H3,0.7153406949311533,prog_L28H1,0.10883767156287655
28,2,545,prog_L25H1,0.8217517573393538,prog_L28H2,0.05517388784008199
28,3,115,prog_L12H26,0.8320340754813789,prog_L28H3,0.5251832121411161
28,4,896,prog_L35H0,0.6737225113096863,prog_L28H4,0.37262652252170936
28,5,95,prog_L11H9,0.6014125604534728,prog_L28H5,0.5670251127349499
28,6,684,prog_L29H2,0.7142972899167142,prog_L28H6,0.4895214396394998
28,7,827,prog_L32H5,0.7042746283862379,prog_L28H7,0.454109826944189
28,8,766,prog_L30H8,0.7418042421990232,prog_L28H8,0.44298033318904095
28,9,766,prog_L30H8,0.7931538115351692,prog_L28H9,0.2390898901347811
28,10,887,prog_L34H3,0.7278128068932177,prog_L28H10,0.16981394388278803
28,11,887,prog_L34H3,0.7077056806792759,prog_L28H11,0.22326343598490078
28,12,115,prog_L12H26,0.8012310924185582,prog_L28H12,0.6267671963449168
28,13,766,prog_L30H8,0.749745715978757,prog_L28H13,0.5048807550194182
28,14,843,prog_L33H19,0.6848402325531369,prog_L28H14,0.5448468361544152
28,15,887,prog_L34H3,0.7300659748201703,prog_L28H15,0.4726476080215894
28,16,446,prog_L21H8,0.8714612091938675,prog_L28H16,0.4273142319545593
28,17,766,prog_L30H8,0.7572617709014733,prog_L28H17,0.08319323774482755
28,18,115,prog_L12H26,0.8405413990300055,prog_L28H18,0.28967638873336077
28,19,115,prog_L12H26,0.8492469269306356,prog_L28H19,0.614901833484264
28,20,702,prog_L29H8,0.8216049011341632,prog_L28H20,0.39172439825537875
28,21,699,prog_L29H5,0.6785991151432218,prog_L28H21,0.4458565768618941
28,22,212,prog_L15H27,0.6876270636137449,prog_L28H22,0.4889052493003988
28,23,766,prog_L30H8,0.7756743844652654,prog_L28H23,0.6129724959563604
28,24,590,prog_L26H21,0.6809069210613002,prog_L28H24,0.5641538719888054
28,25,737,prog_L30H1,0.7338991332320167,prog_L28H25,0.6394301873497027
28,26,883,prog_L34H26,0.7470039658010861,prog_L28H26,0.5875782389395595
28,27,883,prog_L34H26,0.7101882269327957,prog_L28H27,0.44605877602953053
28,28,898,prog_L35H10,0.8119486748087015,prog_L28H28,0.4411477369265566
28,29,441,prog_L21H31,0.7037188725338458,prog_L28H29,0.26627416527200026
28,30,441,prog_L21H31,0.7456645476987894,prog_L28H30,0.6954385724633714
28,31,441,prog_L21H31,0.7135083533563163,prog_L28H31,0.627529515938712
29,0,446,prog_L21H8,0.9276933264474159,prog_L29H0,0.8808654535127357
29,1,446,prog_L21H8,0.9221281245993,prog_L29H1,0.8341743818780429
29,2,446,prog_L21H8,0.9362899924597894,prog_L29H2,0.6213886085904644
29,3,446,prog_L21H8,0.9049085160296308,prog_L29H3,0.4099154217705761
29,4,887,prog_L34H3,0.7458940058621293,prog_L29H4,0.3797227096426189
29,5,446,prog_L21H8,0.9221766257957206,prog_L29H5,0.5496780757602125
29,6,883,prog_L34H26,0.7780085373667429,prog_L29H6,0.5201954602546821
29,7,446,prog_L21H8,0.916060714333874,prog_L29H7,0.3827012845350994
29,8,446,prog_L21H8,0.9666312600203409,prog_L29H8,0.9490290950711703
29,9,446,prog_L21H8,0.9295411068789203,prog_L29H9,0.513855935778102
29,10,446,prog_L21H8,0.9526117709949685,prog_L29H10,0.7792464070862216
29,11,115,prog_L12H26,0.8539411821500872,prog_L29H11,0.7813229806164643
29,12,446,prog_L21H8,0.9728204266305824,prog_L29H12,0.4058727529797028
29,13,446,prog_L21H8,0.9583977232213232,prog_L29H13,0.5030084955889801
29,14,446,prog_L21H8,0.9736819085169939,prog_L29H14,0.9721202889433427
29,15,446,prog_L21H8,0.9613998830183059,prog_L29H15,0.8418867759548183
29,16,446,prog_L21H8,0.8879268231327688,prog_L29H16,0.3141241188203614
29,17,702,prog_L29H8,0.8828210260078564,prog_L29H17,0.039233320568773
29,18,115,prog_L12H26,0.8607217896876624,prog_L29H18,0.7002924050735648
29,19,446,prog_L21H8,0.8655575271786826,prog_L29H19,0.570112348997955
29,20,446,prog_L21H8,0.9560465928683127,prog_L29H20,0.9466930070575297
29,21,446,prog_L21H8,0.9539367975360278,prog_L29H21,0.8411244266733264
29,22,446,prog_L21H8,0.9622374289551299,prog_L29H22,0.5838304844123048
29,23,446,prog_L21H8,0.9529778136377489,prog_L29H23,0.6196318082775523
29,24,115,prog_L12H26,0.8473199631707832,prog_L29H24,0.6043371074428017
29,25,887,prog_L34H3,0.7346897693585774,prog_L29H25,0.11049577974885252
29,26,766,prog_L30H8,0.8042962205143213,prog_L29H26,0.40041038070217416
29,27,887,prog_L34H3,0.6617517625531377,prog_L29H27,0.41330370313675313
29,28,766,prog_L30H8,0.7236747245869821,prog_L29H28,0.5370297788220035
29,29,790,prog_L31H29,0.5660374465537077,prog_L29H29,0.16078246237747995
29,30,883,prog_L34H26,0.7215632254703005,prog_L29H30,0.6162211674545774
29,31,766,prog_L30H8,0.6617694799465206,prog_L29H31,0.3387920810953887
30,0,790,prog_L31H29,0.6660247017703433,prog_L30H0,0.2259385557440695
30,1,883,prog_L34H26,0.6925803687511122,prog_L30H1,0.609700397526734
30,2,877,prog_L34H20,0.8026946774428132,prog_L30H2,0.4351790902320857
30,3,887,prog_L34H3,0.6566539901465388,prog_L30H3,0.559186797192135
30,4,784,prog_L31H23,0.8306034462581896,prog_L30H4,0.689345572306999
30,5,921,prog_L35H31,0.7139521577461858,prog_L30H5,0.5194303888066778
30,6,887,prog_L34H3,0.7237324143034214,prog_L30H6,0.38843733377598955
30,7,224,prog_L16H0,0.5826358502574571,prog_L30H7,0.515343646886559
30,8,446,prog_L21H8,0.9477041188251686,prog_L30H8,0.8478576558272471
30,9,446,prog_L21H8,0.9236632370313644,prog_L30H9,0.6876013438647307
30,10,115,prog_L12H26,0.830039164960784,prog_L30H10,0.28862388530457145
30,11,446,prog_L21H8,0.9376706859096688,prog_L30H11,0.4075814945979101
30,12,329,prog_L19H17,0.7463624144762941,prog_L30H12,0.09188184639112534
30,13,883,prog_L34H26,0.738434840644181,prog_L30H13,0.6384416697640714
30,14,853,prog_L33H28,0.8715826331887071,prog_L30H14,0.3056879486585121
30,15,329,prog_L19H17,0.6826087771230334,prog_L30H15,0.44226737131642235
30,16,766,prog_L30H8,0.8034868619119795,prog_L30H16,0.3507355759042213
30,17,212,prog_L15H27,0.6294396945435455,prog_L30H17,0.41336089987475555
30,18,115,prog_L12H26,0.9063918267884539,prog_L30H18,0.6089130230087987
30,19,702,prog_L29H8,0.8761301608568324,prog_L30H19,0.24681434897075305
30,20,1088,prog_L8H0,0.5470962873691638,prog_L30H20,0.1540781193822373
30,21,446,prog_L21H8,0.8945950908686584,prog_L30H21,0.533703807232377
30,22,766,prog_L30H8,0.7634577008052239,prog_L30H22,0.5425480103404916
30,23,1151,prog_L9H9,0.8403015692457254,prog_L30H23,0.606546653049616
30,24,446,prog_L21H8,0.9471813026976161,prog_L30H24,0.8920261885324883
30,25,446,prog_L21H8,0.9494912035394336,prog_L30H25,0.5769379260292803
30,26,446,prog_L21H8,0.9295479732709001,prog_L30H26,0.4461647204919563
30,27,446,prog_L21H8,0.9397248398801087,prog_L30H27,0.8428271895765542
30,28,883,prog_L34H26,0.7530624171342449,prog_L30H28,0.2086092736604028
30,29,853,prog_L33H28,0.870240511564155,prog_L30H29,0.4119136554943217
30,30,802,prog_L32H10,0.8265474549318406,prog_L30H30,0.7359659761303525
30,31,545,prog_L25H1,0.7637686275573212,prog_L30H31,0.52980473836271
31,0,446,prog_L21H8,0.9202135488955632,prog_L31H0,0.6176414289315356
31,1,115,prog_L12H26,0.854016225780455,prog_L31H1,0.6003886139256982
31,2,766,prog_L30H8,0.7653901898873625,prog_L31H2,0.6308988833371896
31,3,845,prog_L33H20,0.6231413527092821,prog_L31H3,0.4301490065510633
31,4,446,prog_L21H8,0.9083837920052091,prog_L31H4,0.7829987209859508
31,5,446,prog_L21H8,0.9103733008445135,prog_L31H5,0.762032080310111
31,6,446,prog_L21H8,0.8944411236910923,prog_L31H6,0.34290059659216454
31,7,446,prog_L21H8,0.9425935359831459,prog_L31H7,0.7324622842230678
31,8,115,prog_L12H26,0.8375156999796678,prog_L31H8,0.18838041556813392
31,9,790,prog_L31H29,0.6786950276758053,prog_L31H9,0.5498201712503952
31,10,737,prog_L30H1,0.7149011132756605,prog_L31H10,0.5816761618640642
31,11,684,prog_L29H2,0.6716543864165869,prog_L31H11,0.6438135094962506
31,12,446,prog_L21H8,0.8705390410726919,prog_L31H12,0.3655350322432081
31,13,446,prog_L21H8,0.9500851588201809,prog_L31H13,0.5328878313784966
31,14,446,prog_L21H8,0.9453500912711321,prog_L31H14,0.5237915610003625
31,15,446,prog_L21H8,0.9444435157705268,prog_L31H15,0.635515703025572
31,16,883,prog_L34H26,0.7338951867114469,prog_L31H16,0.3419793529102476
31,17,887,prog_L34H3,0.7018514216308579,prog_L31H17,0.6340629593025162
31,18,877,prog_L34H20,0.7775824131301785,prog_L31H18,0.6246882179010691
31,19,896,prog_L35H0,0.6442714737734868,prog_L31H19,0.49700176065298307
31,20,446,prog_L21H8,0.9498860713891724,prog_L31H20,0.561181605659816
31,21,443,prog_L21H5,0.8184191698715632,prog_L31H21,0.5267674023096147
31,22,766,prog_L30H8,0.7680899360738079,prog_L31H22,0.4225072869456479
31,23,446,prog_L21H8,0.8702042718759291,prog_L31H23,0.8207189781785915
31,24,1151,prog_L9H9,0.8607900534205156,prog_L31H24,0.26824544384251753
31,25,545,prog_L25H1,0.809331969009704,prog_L31H25,0.46834680417631325
31,26,910,prog_L35H21,0.718312475122861,prog_L31H26,0.5507051802784235
31,27,853,prog_L33H28,0.9133294236449199,prog_L31H27,0.5442901117572929
31,28,115,prog_L12H26,0.8525519774194842,prog_L31H28,0.6628849389882682
31,29,766,prog_L30H8,0.8167486281632761,prog_L31H29,0.6837914600678145
31,30,115,prog_L12H26,0.8243214340508508,prog_L31H30,0.2187118529226354
31,31,446,prog_L21H8,0.8951303756309497,prog_L31H31,0.7585994219890364
32,0,446,prog_L21H8,0.896140684364895,prog_L32H0,0.3640930760493186
32,1,446,prog_L21H8,0.8689726416345269,prog_L32H1,0.5932916566594155
32,2,446,prog_L21H8,0.900862070243323,prog_L32H2,0.8222148143151204
32,3,446,prog_L21H8,0.8961646364839935,prog_L32H3,0.31840816367416436
32,4,702,prog_L29H8,0.8840333947521065,prog_L32H4,0.6197200659465267
32,5,446,prog_L21H8,0.9273521517185835,prog_L32H5,0.5250591710472673
32,6,446,prog_L21H8,0.9509174425779168,prog_L32H6,0.8001645299230822
32,7,446,prog_L21H8,0.9263403612013421,prog_L32H7,0.42936985342497613
32,8,446,prog_L21H8,0.9310541053222245,prog_L32H8,0.75747006409316
32,9,446,prog_L21H8,0.8937067981763762,prog_L32H9,0.4857200473650644
32,10,446,prog_L21H8,0.9508263748943026,prog_L32H10,0.8600160965441963
32,11,446,prog_L21H8,0.939929636241085,prog_L32H11,0.8607483214106773
32,12,887,prog_L34H3,0.8066320275130884,prog_L32H12,0.3353858464324725
32,13,853,prog_L33H28,0.8560793436412331,prog_L32H13,0.6798707012615726
32,14,803,prog_L32H11,0.8134933598425786,prog_L32H14,0.4161172380681988
32,15,887,prog_L34H3,0.7696638406217265,prog_L32H15,0.6230539985063562
32,16,702,prog_L29H8,0.8546611976228345,prog_L32H16,0.4099945430596421
32,17,766,prog_L30H8,0.7781801596634226,prog_L32H17,0.6432787798566464
32,18,443,prog_L21H5,0.7319482256677667,prog_L32H18,0.6842901662555174
32,19,446,prog_L21H8,0.8386778910562689,prog_L32H19,0.523298553144302
32,20,446,prog_L21H8,0.8644012610021352,prog_L32H20,0.5088548572328353
32,21,239,prog_L16H22,0.6372651130612854,prog_L32H21,0.5700789165465345
32,22,766,prog_L30H8,0.7048738819844718,prog_L32H22,0.5586443631324806
32,23,678,prog_L29H14,0.8705921151964943,prog_L32H23,0.7979819596708346
32,24,1088,prog_L8H0,0.5400237519678159,prog_L32H24,0.3003103992381623
32,25,790,prog_L31H29,0.668158328148921,prog_L32H25,0.5140705774288423
32,26,239,prog_L16H22,0.6094264628759516,prog_L32H26,0.3113351901440756
32,27,883,prog_L34H26,0.751394213687206,prog_L32H27,0.29160806034747233
32,28,784,prog_L31H23,0.7845484765407962,prog_L32H28,0.14168485639840153
32,29,443,prog_L21H5,0.7381162813627304,prog_L32H29,0.3652982324572972
32,30,443,prog_L21H5,0.8498683242681131,prog_L32H30,0.6670454589600343
32,31,802,prog_L32H10,0.8337072513021981,prog_L32H31,0.5227882435929871
33,0,446,prog_L21H8,0.834580275833853,prog_L33H0,0.6301271209888278
33,1,446,prog_L21H8,0.9503479410537256,prog_L33H1,0.14895292149312667
33,2,446,prog_L21H8,0.9490654022877231,prog_L33H2,0.8421484165357966
33,3,446,prog_L21H8,0.9510301985482992,prog_L33H3,0.6300503233779132
33,4,883,prog_L34H26,0.8426006916076381,prog_L33H4,0.3255022801673082
33,5,883,prog_L34H26,0.8487384019092822,prog_L33H5,0.5572946117154349
33,6,212,prog_L15H27,0.6151550718805834,prog_L33H6,0.5143119510789655
33,7,887,prog_L34H3,0.7676796736986252,prog_L33H7,0.47816285143841886
33,8,446,prog_L21H8,0.8485468950306398,prog_L33H8,0.44528479243555413
33,9,446,prog_L21H8,0.8878383738298854,prog_L33H9,0.08775926951546115
33,10,446,prog_L21H8,0.9054840242383884,prog_L33H10,0.7555873749194568
33,11,446,prog_L21H8,0.9050249206566661,prog_L33H11,0.104441875211487
33,12,446,prog_L21H8,0.9014262750295294,prog_L33H12,0.341803962107116
33,13,446,prog_L21H8,0.9034606117884001,prog_L33H13,0.43820200028351874
33,14,446,prog_L21H8,0.9220617571507783,prog_L33H14,0.8283403004499365
33,15,446,prog_L21H8,0.873175956280445,prog_L33H15,0.6647734581941467
33,16,446,prog_L21H8,0.9020388306939318,prog_L33H16,0.8332668748390649
33,17,446,prog_L21H8,0.8888513392069649,prog_L33H17,0.7201521960281538
33,18,766,prog_L30H8,0.7774265631188042,prog_L33H18,0.6256318220335857
33,19,766,prog_L30H8,0.7852443953556368,prog_L33H19,0.7560567148029015
33,20,446,prog_L21H8,0.9087945985986396,prog_L33H20,0.6718772251796916
33,21,766,prog_L30H8,0.8016167179831009,prog_L33H21,0.17389720999516292
33,22,115,prog_L12H26,0.8385958470921138,prog_L33H22,0.620722855804398
33,23,446,prog_L21H8,0.8979122713728114,prog_L33H23,0.8035811926811176
33,24,443,prog_L21H5,0.8666142801145911,prog_L33H24,0.6114550189402987
33,25,446,prog_L21H8,0.9273647539441159,prog_L33H25,0.6060656811814584
33,26,678,prog_L29H14,0.9283412935511691,prog_L33H26,0.5819936664234996
33,27,446,prog_L21H8,0.8821074978269228,prog_L33H27,0.8737753146040885
33,28,702,prog_L29H8,0.8740966818626965,prog_L33H28,0.8670692798349287
33,29,446,prog_L21H8,0.8748127882156106,prog_L33H29,0.5985980428306689
33,30,446,prog_L21H8,0.8734727304365935,prog_L33H30,0.6399685971748479
33,31,446,prog_L21H8,0.8750400504382108,prog_L33H31,0.4792495640282971
34,0,446,prog_L21H8,0.8527902442699914,prog_L34H0,0.09124262531500682
34,1,702,prog_L29H8,0.8627264026525797,prog_L34H1,0.42902142252682207
34,2,446,prog_L21H8,0.8739696608968458,prog_L34H2,0.22284298643550704
34,3,446,prog_L21H8,0.8733509720364716,prog_L34H3,0.7936381275383473
34,4,446,prog_L21H8,0.8413902274588164,prog_L34H4,0.062141962622360145
34,5,446,prog_L21H8,0.8836865084158854,prog_L34H5,0.705765872969096
34,6,446,prog_L21H8,0.8999295124081279,prog_L34H6,0.44861981004156304
34,7,1151,prog_L9H9,0.8179210800422025,prog_L34H7,0.4335259280057153
34,8,1070,prog_L7H21,0.4625888796671207,prog_L34H8,0.3877921084318863
34,9,239,prog_L16H22,0.6494293709817605,prog_L34H9,0.5374089781930151
34,10,766,prog_L30H8,0.7580882511380154,prog_L34H10,0.5446598634555478
34,11,845,prog_L33H20,0.5577769499430676,prog_L34H11,0.10136374175316068
34,12,702,prog_L29H8,0.8665348325150197,prog_L34H12,0.7132830373685946
34,13,443,prog_L21H5,0.845665244588037,prog_L34H13,0.18612277143121425
34,14,446,prog_L21H8,0.9525113835750068,prog_L34H14,0.5722779081233834
34,15,344,prog_L19H30,0.7045994426851983,prog_L34H15,0.6083847309434849
34,16,789,prog_L31H28,0.7565252753666575,prog_L34H16,0.6288764051543578
34,17,629,prog_L27H28,0.7365190215706966,prog_L34H17,0.679207534731392
34,18,446,prog_L21H8,0.9668534799252619,prog_L34H18,0.7673282455901469
34,19,699,prog_L29H5,0.6123982015625579,prog_L34H19,0.5112677790426479
34,20,446,prog_L21H8,0.8288974263148063,prog_L34H20,0.6723598070139527
34,21,212,prog_L15H27,0.5897346352292943,prog_L34H21,0.30845943355777417
34,22,803,prog_L32H11,0.796890945574835,prog_L34H22,0.4881546119761818
34,23,853,prog_L33H28,0.9049618859064531,prog_L34H23,0.4996319130208136
34,24,446,prog_L21H8,0.9733898553889238,prog_L34H24,0.9150026957663324
34,25,446,prog_L21H8,0.9113761018412376,prog_L34H25,0.7394411870478923
34,26,446,prog_L21H8,0.9616300000398326,prog_L34H26,0.8604664479744121
34,27,446,prog_L21H8,0.92654983365152,prog_L34H27,0.6746667101464667
34,28,344,prog_L19H30,0.6378809126623499,prog_L34H28,0.3046325490064323
34,29,658,prog_L28H25,0.7660681043649564,prog_L34H29,0.6735965445828607
34,30,689,prog_L29H24,0.7156392740957185,prog_L34H30,0.6477876367207949
34,31,545,prog_L25H1,0.8492814222380108,prog_L34H31,0.7794216017483917
35,0,115,prog_L12H26,0.9177723632832628,prog_L35H0,0.7583382579940923
35,1,446,prog_L21H8,0.9344044149293635,prog_L35H1,0.6393228955352819
35,2,537,prog_L24H31,0.7997900268855052,prog_L35H2,0.4509611012962097
35,3,887,prog_L34H3,0.8444666958067039,prog_L35H3,0.6622991808159504
35,4,703,prog_L29H9,0.6855554831611061,prog_L35H4,0.5780447903739001
35,5,605,prog_L26H7,0.6372418049173479,prog_L35H5,0.49987115095918694
35,6,853,prog_L33H28,0.8924776487914798,prog_L35H6,0.42069412481468416
35,7,545,prog_L25H1,0.9033664407048843,prog_L35H7,0.595864353684973
35,8,742,prog_L30H14,0.6671563364067432,prog_L35H8,0.23849497116040114
35,9,239,prog_L16H22,0.7574830239659456,prog_L35H9,0.1241749197397745
35,10,766,prog_L30H8,0.8215582659720351,prog_L35H10,0.7543448277713354
35,11,1151,prog_L9H9,0.8621169163456216,prog_L35H11,0.45656725574989915
35,12,212,prog_L15H27,0.7076340649293213,prog_L35H12,0.5752147932973957
35,13,453,prog_L22H13,0.5870442605242321,prog_L35H13,0.4147080114987577
35,14,821,prog_L32H28,0.583391480000568,prog_L35H14,0.24755586031341684
35,15,1037,prog_L6H20,0.6420006443079063,prog_L35H15,0.5882000326214437
35,16,883,prog_L34H26,0.8778626066666227,prog_L35H16,0.7975395208259649
35,17,794,prog_L31H4,0.7388730422116832,prog_L35H17,0.4517997229626185
35,18,674,prog_L29H10,0.8232243551349661,prog_L35H18,0.6946401096341788
35,19,490,prog_L23H18,0.600682220475844,prog_L35H19,0.5053808927493081
35,20,737,prog_L30H1,0.6135311603437762,prog_L35H20,0.581601191965094
35,21,766,prog_L30H8,0.8590809517155369,prog_L35H21,0.7804158035014964
35,22,212,prog_L15H27,0.5493272970226236,prog_L35H22,0.46262812493579003
35,23,523,prog_L24H19,0.6125373572138604,prog_L35H23,0.2768593589800411
35,24,460,prog_L22H2,0.7138287190683732,prog_L35H24,0.4732012949660175
35,25,866,prog_L34H10,0.5587726726694809,prog_L35H25,0.5037767303603139
35,26,53,prog_L10H28,0.6423283459229225,prog_L35H26,0.6001147403734536
35,27,892,prog_L34H6,0.6629854987818571,prog_L35H27,0.6612182462574567
35,28,536,prog_L24H30,0.6288298371647643,prog_L35H28,0.41415817716676295
35,29,1151,prog_L9H9,0.8839060742617171,prog_L35H29,0.5609607156300732
35,30,446,prog_L21H8,0.9473313027248123,prog_L35H30,0.7989171658226779
35,31,446,prog_L21H8,0.9405490951951875,prog_L35H31,0.7048361691252825
