layer,head,intended_program,intended_iou
6,1,decaying_content_focus_L6H1,64.99817457901398
1,11,decaying_content_focus_punctuation_L1H11,38.30904669684487
0,1,decaying_content_focus_punctuation_coreference_L0H1,66.46430920659856
10,11,decaying_first_token_bias_L10H11,54.55627105228754
11,11,decaying_first_token_bias_L11H11,24.400270339467433
11,9,decaying_first_token_bias_L11H9,71.35284708988677
1,0,decaying_first_token_bias_L1H0,31.193852956101054
1,3,decaying_first_token_bias_L1H3,56.68925946151203
0,0,decaying_first_token_bias_content_focus_L0H0,29.291080122265917
0,10,decaying_first_token_bias_content_focus_L0H10,35.33524954971241
11,3,decaying_first_token_bias_content_focus_L11H3,33.10275553746768
2,7,decaying_first_token_bias_content_focus_L2H7,32.033115498231034
2,8,decaying_first_token_bias_content_focus_L2H8,43.12272282062273
3,9,decaying_first_token_bias_content_focus_L3H9,33.81184918197121
4,0,decaying_first_token_bias_content_focus_L4H0,29.500862972640245
4,7,decaying_first_token_bias_content_focus_L4H7,38.92156541961173
4,8,decaying_first_token_bias_content_focus_L4H8,53.99967929347487
4,9,decaying_first_token_bias_content_focus_L4H9,33.38188454201887
5,6,decaying_first_token_bias_content_focus_L5H6,54.5860669965507
6,0,decaying_first_token_bias_content_focus_L6H0,35.50097547893057
7,1,decaying_first_token_bias_content_focus_L7H1,59.107760592368585
7,3,decaying_first_token_bias_content_focus_L7H3,40.78634416811984
8,9,decaying_first_token_bias_content_focus_L8H9,19.35783774976621
9,7,decaying_first_token_bias_content_focus_L9H7,39.68263214569735
0,11,decaying_first_token_bias_content_focus_punctuation_L0H11,30.278814360952733
0,8,decaying_first_token_bias_content_focus_punctuation_L0H8,33.640638949553306
10,3,decaying_first_token_bias_content_focus_punctuation_L10H3,37.40829026105078
11,1,decaying_first_token_bias_content_focus_punctuation_L11H1,59.026515932527666
11,10,decaying_first_token_bias_content_focus_punctuation_L11H10,43.31829003443468
1,4,decaying_first_token_bias_content_focus_punctuation_L1H4,35.60868541411952
2,0,decaying_first_token_bias_content_focus_punctuation_L2H0,35.24286324936201
2,5,decaying_first_token_bias_content_focus_punctuation_L2H5,29.718169596032595
5,11,decaying_first_token_bias_content_focus_punctuation_L5H11,59.523156592209084
8,10,decaying_first_token_bias_content_focus_punctuation_L8H10,19.8998921419943
9,2,decaying_first_token_bias_content_focus_punctuation_L9H2,47.25072135946071
9,8,decaying_first_token_bias_content_focus_punctuation_L9H8,32.567829250089794
11,7,decaying_first_token_bias_content_focus_punctuation_stochastic_L11H7,48.29920982544574
2,6,decaying_first_token_bias_punctuation_L2H6,37.73015731152339
5,8,decaying_first_token_bias_punctuation_L5H8,43.62201981100775
7,7,decaying_first_token_bias_punctuation_L7H7,76.59778458721821
7,8,decaying_first_token_bias_punctuation_L7H8,49.547158675030445
6,6,decaying_first_token_bias_stochastic_L6H6,60.870071337186815
1,10,decaying_stochastic_L1H10,65.47143537583672
0,9,first_token_bias_L0H9,13.589161920026891
10,2,first_token_bias_L10H2,69.53125110680072
10,4,first_token_bias_L10H4,37.50818838726575
10,6,first_token_bias_L10H6,68.9314956423577
11,6,first_token_bias_L11H6,71.19806515103781
1,2,first_token_bias_L1H2,21.301573250605244
1,9,first_token_bias_L1H9,38.21065199709373
3,2,first_token_bias_L3H2,49.090224001183785
3,4,first_token_bias_L3H4,70.9320136619614
5,1,first_token_bias_L5H1,91.53814486980582
6,8,first_token_bias_L6H8,50.14446428613631
6,9,first_token_bias_L6H9,86.21681429060895
7,10,first_token_bias_L7H10,82.4565807603577
7,2,first_token_bias_L7H2,95.19937250107387
8,1,first_token_bias_L8H1,82.9297880654245
9,1,first_token_bias_L9H1,65.7319386509096
9,10,first_token_bias_L9H10,38.695335073591394
9,3,first_token_bias_L9H3,39.330078400431475
9,5,first_token_bias_L9H5,47.74481565177065
9,6,first_token_bias_L9H6,76.43305808818674
0,4,first_token_bias_content_focus_L0H4,26.581117377125945
0,6,first_token_bias_content_focus_L0H6,27.560580049459254
10,10,first_token_bias_content_focus_L10H10,66.44068328043645
10,5,first_token_bias_content_focus_L10H5,27.642885810364042
11,0,first_token_bias_content_focus_L11H0,23.36663012025218
2,10,first_token_bias_content_focus_L2H10,42.768937744210724
2,11,first_token_bias_content_focus_L2H11,47.07535642135628
2,3,first_token_bias_content_focus_L2H3,26.375776767785087
3,10,first_token_bias_content_focus_L3H10,46.23009872003897
3,5,first_token_bias_content_focus_L3H5,51.42997757738209
4,1,first_token_bias_content_focus_L4H1,38.327933467192956
4,3,first_token_bias_content_focus_L4H3,27.694638947298827
4,5,first_token_bias_content_focus_L4H5,52.63888052417922
4,6,first_token_bias_content_focus_L4H6,49.7805341281079
5,5,first_token_bias_content_focus_L5H5,58.83837020954489
5,9,first_token_bias_content_focus_L5H9,66.24943556949682
6,11,first_token_bias_content_focus_L6H11,51.664973822568214
6,3,first_token_bias_content_focus_L6H3,37.87096686938024
6,4,first_token_bias_content_focus_L6H4,35.77054659328749
7,0,first_token_bias_content_focus_L7H0,57.21450910617505
7,5,first_token_bias_content_focus_L7H5,44.707585516984096
8,0,first_token_bias_content_focus_L8H0,22.829470070560667
8,3,first_token_bias_content_focus_L8H3,50.25603402518154
8,4,first_token_bias_content_focus_L8H4,49.5088940607775
8,7,first_token_bias_content_focus_L8H7,30.9108465415177
8,8,first_token_bias_content_focus_L8H8,32.13029923030618
4,4,first_token_bias_content_focus_coreference_L4H4,59.07266174979353
0,2,first_token_bias_content_focus_punctuation_L0H2,21.210839730737142
0,5,first_token_bias_content_focus_punctuation_L0H5,44.89830845196785
0,7,first_token_bias_content_focus_punctuation_L0H7,38.144593359954115
10,0,first_token_bias_content_focus_punctuation_L10H0,51.547263114197975
10,1,first_token_bias_content_focus_punctuation_L10H1,64.5340731388886
11,2,first_token_bias_content_focus_punctuation_L11H2,49.786666363515295
11,5,first_token_bias_content_focus_punctuation_L11H5,61.36039746707132
11,8,first_token_bias_content_focus_punctuation_L11H8,26.264121476352003
1,1,first_token_bias_content_focus_punctuation_L1H1,33.77310192335683
1,7,first_token_bias_content_focus_punctuation_L1H7,32.84920101677742
2,4,first_token_bias_content_focus_punctuation_L2H4,38.638750735362684
3,3,first_token_bias_content_focus_punctuation_L3H3,55.618488940320574
3,7,first_token_bias_content_focus_punctuation_L3H7,46.76605199583523
3,8,first_token_bias_content_focus_punctuation_L3H8,31.682991652481057
5,0,first_token_bias_content_focus_punctuation_L5H0,60.89771010485017
5,10,first_token_bias_content_focus_punctuation_L5H10,29.19814875507437
5,3,first_token_bias_content_focus_punctuation_L5H3,44.04165522862517
5,4,first_token_bias_content_focus_punctuation_L5H4,33.8486412880712
5,7,first_token_bias_content_focus_punctuation_L5H7,48.73084525687514
6,2,first_token_bias_content_focus_punctuation_L6H2,52.75954914815271
6,7,first_token_bias_content_focus_punctuation_L6H7,25.238883675956952
7,4,first_token_bias_content_focus_punctuation_L7H4,50.001048755334075
7,9,first_token_bias_content_focus_punctuation_L7H9,38.57075563226481
8,5,first_token_bias_content_focus_punctuation_L8H5,25.67131372644593
8,6,first_token_bias_content_focus_punctuation_L8H6,54.465065041242745
9,0,first_token_bias_content_focus_punctuation_L9H0,39.67082926068396
3,11,first_token_bias_content_focus_punctuation_coreference_L3H11,42.246072192905906
3,6,first_token_bias_content_focus_punctuation_coreference_L3H6,28.013661410656216
4,2,first_token_bias_content_focus_punctuation_coreference_L4H2,46.820037050792266
0,3,first_token_bias_content_focus_punctuation_stochastic_L0H3,47.88383940806807
10,9,first_token_bias_content_focus_punctuation_stochastic_L10H9,44.12081350210046
2,2,first_token_bias_content_focus_punctuation_stochastic_L2H2,40.926817177828156
3,1,first_token_bias_content_focus_punctuation_stochastic_L3H1,39.14312855183537
7,6,first_token_bias_content_focus_punctuation_stochastic_L7H6,18.716930410904766
8,2,first_token_bias_content_focus_punctuation_stochastic_L8H2,38.942898230230206
2,9,first_token_bias_content_focus_stochastic_L2H9,38.779611319127696
5,2,first_token_bias_content_focus_stochastic_L5H2,55.94927972945523
6,5,first_token_bias_content_focus_stochastic_L6H5,60.718412945654435
10,8,first_token_bias_punctuation_L10H8,78.94698520787058
11,4,first_token_bias_punctuation_L11H4,56.32383080880542
1,5,first_token_bias_punctuation_L1H5,31.702872157324773
1,8,first_token_bias_punctuation_L1H8,35.44491889289477
2,1,first_token_bias_punctuation_L2H1,36.286877738822355
4,10,first_token_bias_punctuation_L4H10,54.94213125097593
6,10,first_token_bias_punctuation_L6H10,68.03286278343029
8,11,first_token_bias_punctuation_L8H11,59.17035342209766
9,11,first_token_bias_punctuation_L9H11,72.33569472391225
9,4,first_token_bias_punctuation_L9H4,64.88689192906509
10,7,first_token_bias_punctuation_coreference_L10H7,28.724304624869607
1,6,first_token_bias_punctuation_stochastic_L1H6,26.468479897706416
3,0,first_token_bias_stochastic_L3H0,69.38285141729837
9,9,first_token_bias_stochastic_L9H9,71.41924787327055
4,11,general_pattern_L4H11,70.55279849798582
